id,name,city,country,ix_id,fac_id,created,updated,status,ix_name,org_id,org_name,campus_id,aka,name_long,website,social_media,clli,rencode,npanxx,notes,net_count,ix_count,sales_email,sales_phone,tech_email,tech_phone,available_voltage_services,diverse_serving_substations,property,region_continent,status_dashboard,address1,address2,state,zipcode,floor,suite,latitude,longitude
165,Equinix SP4 - São Paulo,Barueri,BR,119,165,2010-07-29T00:00:00Z,2024-07-01T12:48:41Z,ok,Equinix São Paulo,2,"Equinix, Inc.",nan,nan,nan,https://www.equinix.com/locations/americas-colocation/brazil-colocation/sao-paulo-data-centers/sp4/,"[{'service': 'website', 'identifier': 'https://www.equinix.com/locations/americas-colocation/brazil-colocation/sao-paulo-data-centers/sp4/'}]",nan,nan,nan,nan,504,5,nan,nan,support@equinix.com,nan,[],True,Owner,South America,https://status.equinix.com,"Av. Ceci, 1900 - Res. Tambore",Tamboré,SP,06455000,nan,nan,-23.497589,-46.814577
1283,Equinix SP2 - São Paulo,Barueri,BR,119,1283,2012-09-06T00:00:00Z,2020-07-03T11:32:07Z,ok,Equinix São Paulo,2,"Equinix, Inc.",nan,nan,nan,https://www.equinix.com/locations/americas-colocation/brazil-colocation/sao-paulo-data-centers/sp2/,"[{'service': 'website', 'identifier': 'https://www.equinix.com/locations/americas-colocation/brazil-colocation/sao-paulo-data-centers/sp2/'}]",nan,nan,nan,nan,222,4,nan,nan,nan,nan,[],nan,nan,South America,nan,"Alameda Araguaia, 3641",Tambore,SP,06455000,nan,nan,-23.5027,-46.827255
1585,Equinix SP1 - São Paulo,São Paulo,BR,119,1585,2013-08-12T00:00:00Z,2020-07-03T11:31:41Z,ok,Equinix São Paulo,2,"Equinix, Inc.",nan,nan,nan,https://www.equinix.com/locations/americas-colocation/brazil-colocation/sao-paulo-data-centers/sp1/,"[{'service': 'website', 'identifier': 'https://www.equinix.com/locations/americas-colocation/brazil-colocation/sao-paulo-data-centers/sp1/'}]",nan,nan,nan,nan,80,4,nan,nan,nan,nan,[],nan,nan,South America,nan,"Rua Dr. Miguel Couto, 58",Centro,SP,01008010,nan,nan,-23.545988,-46.635836
4309,Equinix SP3 - São Paulo,Santana de Parnaiba,BR,119,4309,2017-08-14T19:44:07Z,2020-07-03T11:31:43Z,ok,Equinix São Paulo,2,"Equinix, Inc.",nan,nan,nan,https://www.equinix.com/locations/americas-colocation/brazil-colocation/sao-paulo-data-centers/sp3/,"[{'service': 'website', 'identifier': 'https://www.equinix.com/locations/americas-colocation/brazil-colocation/sao-paulo-data-centers/sp3/'}]",nan,nan,nan,nan,125,5,nan,nan,nan,nan,[],nan,nan,South America,nan,"Avenida Marcos Penteado de Ulhoa Rodrigues, 249",nan,SP,06543-001,nan,nan,-23.466119,-46.863194
165,Equinix SP4 - São Paulo,Barueri,BR,171,165,2010-07-29T00:00:00Z,2024-07-01T12:48:41Z,ok,IX.br (PTT.br) São Paulo,2,"Equinix, Inc.",nan,nan,nan,https://www.equinix.com/locations/americas-colocation/brazil-colocation/sao-paulo-data-centers/sp4/,"[{'service': 'website', 'identifier': 'https://www.equinix.com/locations/americas-colocation/brazil-colocation/sao-paulo-data-centers/sp4/'}]",nan,nan,nan,nan,504,5,nan,nan,support@equinix.com,nan,[],True,Owner,South America,https://status.equinix.com,"Av. Ceci, 1900 - Res. Tambore",Tamboré,SP,06455000,nan,nan,-23.497589,-46.814577
816,PIX Telium,São Paulo,BR,171,816,2010-07-29T00:00:00Z,2017-09-06T04:34:31Z,ok,IX.br (PTT.br) São Paulo,1306,Telium Networks,nan,nan,nan,http://www.telium.com.br,"[{'service': 'website', 'identifier': 'http://www.telium.com.br'}]",nan,nan,nan,nan,27,1,nan,nan,nan,nan,[],nan,nan,South America,nan,Av. Nações unidas 13797 Building III 2° floor,nan,SP,nan,nan,nan,-22.326651,-49.062482
1057,Cirion Sao Paulo - SAO1,Cotia,BR,171,1057,2011-06-02T00:00:00Z,2024-03-21T13:53:59Z,ok,IX.br (PTT.br) São Paulo,35201,Cirion,nan,Teleporto Cotia,Cirion Technologies,https://ciriontechnologies.com,"[{'service': 'website', 'identifier': 'https://ciriontechnologies.com'}]",nan,nan,nan,nan,125,2,contato.br@ciriontechnologies.com,551139572200.0,dl-ipnoc-lat@ciriontechnologies.com,nan,[],nan,nan,South America,nan,"Av. Eid Mansur, 666",Parque Sao George,nan,06708-070,nan,nan,-23.597933,-46.848808
1099,PIX G8 Sao Paulo,São Paulo,BR,171,1099,2011-09-30T00:00:00Z,2022-08-06T00:57:32Z,ok,IX.br (PTT.br) São Paulo,4855,G8,nan,nan,nan,http://www.g8.net.br,"[{'service': 'website', 'identifier': 'http://www.g8.net.br'}]",nan,nan,nan,nan,19,1,nan,nan,nan,nan,[],nan,nan,South America,nan,"R. Flórida, 1738 – Conj. Comercial 31, 3º andar – Brooklin",nan,SP,04575901,nan,nan,-23.607007,-46.694739
1283,Equinix SP2 - São Paulo,Barueri,BR,171,1283,2012-09-06T00:00:00Z,2020-07-03T11:32:07Z,ok,IX.br (PTT.br) São Paulo,2,"Equinix, Inc.",nan,nan,nan,https://www.equinix.com/locations/americas-colocation/brazil-colocation/sao-paulo-data-centers/sp2/,"[{'service': 'website', 'identifier': 'https://www.equinix.com/locations/americas-colocation/brazil-colocation/sao-paulo-data-centers/sp2/'}]",nan,nan,nan,nan,222,4,nan,nan,nan,nan,[],nan,nan,South America,nan,"Alameda Araguaia, 3641",Tambore,SP,06455000,nan,nan,-23.5027,-46.827255
1325,TIVIT Sao Paulo,Sao Paulo,BR,171,1325,2012-10-22T00:00:00Z,2017-09-06T04:45:46Z,ok,IX.br (PTT.br) São Paulo,6993,TIVIT,nan,nan,nan,https://www.tivit.com.br,"[{'service': 'website', 'identifier': 'https://www.tivit.com.br'}]",nan,nan,nan,nan,25,2,nan,nan,nan,nan,[],nan,nan,South America,nan,"Rua Bento Branco de Andrade Filho, 621",Jardim Dom Bosco,SP,04757-000,nan,nan,-23.65071,-46.720519
1345,SouthTech Telecom - SPO-01,São Paulo,BR,171,1345,2012-11-26T00:00:00Z,2021-11-05T01:33:11Z,ok,IX.br (PTT.br) São Paulo,13279,Vogel Soluções em Telecom e Informática S/A,nan,nan,nan,http://www.stech.net.br,"[{'service': 'website', 'identifier': 'http://www.stech.net.br'}]",nan,nan,nan,nan,1,1,nan,nan,nan,nan,[],nan,nan,South America,nan,"Avenida Das Nações Unidas, 12901",Torre Norte,SP,04578-910,4th andar,nan,-23.610224,-46.696424
1585,Equinix SP1 - São Paulo,São Paulo,BR,171,1585,2013-08-12T00:00:00Z,2020-07-03T11:31:41Z,ok,IX.br (PTT.br) São Paulo,2,"Equinix, Inc.",nan,nan,nan,https://www.equinix.com/locations/americas-colocation/brazil-colocation/sao-paulo-data-centers/sp1/,"[{'service': 'website', 'identifier': 'https://www.equinix.com/locations/americas-colocation/brazil-colocation/sao-paulo-data-centers/sp1/'}]",nan,nan,nan,nan,80,4,nan,nan,nan,nan,[],nan,nan,South America,nan,"Rua Dr. Miguel Couto, 58",Centro,SP,01008010,nan,nan,-23.545988,-46.635836
1903,Eletronet Sao Paulo,Sao Paulo,BR,171,1903,2014-09-08T00:00:00Z,2023-10-20T21:20:34Z,ok,IX.br (PTT.br) São Paulo,18207,ELETRONET S.A.,nan,nan,nan,http://eletronet.com/,"[{'service': 'website', 'identifier': 'http://eletronet.com/'}]",nan,nan,nan,nan,63,2,nan,nan,nan,nan,[],nan,nan,South America,nan,100 Av Alfredo Egidio De Souza Anaha,nan,SP,nan,nan,nan,-23.632951,-46.711945
2732,Data Center ASAP SP1,São Paulo,BR,171,2732,2016-04-06T14:29:14Z,2024-01-30T13:51:47Z,ok,IX.br (PTT.br) São Paulo,11841,ASAP GLOBAL TELECOM LTDA,nan,ASAP TELECOM,nan,http://www.asaptelecom.com.br,"[{'service': 'website', 'identifier': 'http://www.asaptelecom.com.br'}]",nan,nan,nan,nan,11,1,comercial@asaptelecom.com.br,551126671208.0,cgr@asaptelecom.com.br,551126671208.0,['480 VAC'],nan,nan,South America,https://www.asaptelecom.com.br/,"Avenida das Nações Unidas, 22540",Vila Almeida,SP,04795-000,Pavimento 01 C,nan,-23.678168,-46.699025
3809,NIC-NU (Nações Unidas),São Paulo,BR,171,3809,2017-03-08T10:53:57Z,2017-09-06T05:47:42Z,ok,IX.br (PTT.br) São Paulo,1245,NIC.br,nan,nan,nan,http://ix.br/,"[{'service': 'website', 'identifier': 'http://ix.br/'}]",nan,nan,nan,nan,5,1,nan,nan,nan,nan,[],nan,nan,South America,nan,"Av. das Nações Unidas, 11541, 7° andar",nan,SP,04578-000,nan,nan,-23.523719,-46.762259
3810,NIC-JD (João Dias),São Paulo,BR,171,3810,2017-03-08T10:56:41Z,2017-09-06T05:47:42Z,ok,IX.br (PTT.br) São Paulo,1245,NIC.br,nan,nan,nan,http://ix.br/,"[{'service': 'website', 'identifier': 'http://ix.br/'}]",nan,nan,nan,nan,11,2,nan,nan,nan,nan,[],nan,nan,South America,nan,"Av. João Dias, 3163",nan,SP,04723-003,nan,nan,-23.645149,-46.730636
3913,ODATA DC SP01,Santana de Parnaíba,BR,171,3913,2017-04-12T11:56:40Z,2017-11-15T04:38:39Z,ok,IX.br (PTT.br) São Paulo,16687,ODATA S.A.,nan,nan,nan,http://www.odatacolocation.com,"[{'service': 'website', 'identifier': 'http://www.odatacolocation.com'}]",nan,nan,nan,nan,29,2,nan,nan,nan,nan,[],nan,nan,South America,nan,"Estrada dos Romeiros , 943","Estrada dos Romeiros KM 39,2",São Paulo,06501-001,nan,nan,nan,nan
4162,Sba Edge Sao Paulo,Sao Paulo,BR,171,4162,2017-06-23T13:34:29Z,2024-08-09T17:08:53Z,ok,IX.br (PTT.br) São Paulo,17339,Matrix Data Center S.A.,nan,nan,nan,http://www.matrix.net.br,"[{'service': 'website', 'identifier': 'http://www.matrix.net.br'}]",nan,nan,nan,nan,21,2,nan,nan,nan,nan,[],nan,nan,South America,nan,"Rua José Abrantes, 186",nan,Sao Paulo,04756-010,nan,nan,-23.64713,-46.717466
4309,Equinix SP3 - São Paulo,Santana de Parnaiba,BR,171,4309,2017-08-14T19:44:07Z,2020-07-03T11:31:43Z,ok,IX.br (PTT.br) São Paulo,2,"Equinix, Inc.",nan,nan,nan,https://www.equinix.com/locations/americas-colocation/brazil-colocation/sao-paulo-data-centers/sp3/,"[{'service': 'website', 'identifier': 'https://www.equinix.com/locations/americas-colocation/brazil-colocation/sao-paulo-data-centers/sp3/'}]",nan,nan,nan,nan,125,5,nan,nan,nan,nan,[],nan,nan,South America,nan,"Avenida Marcos Penteado de Ulhoa Rodrigues, 249",nan,SP,06543-001,nan,nan,-23.466119,-46.863194
5132,BR.Digital São Paulo (SPO1),São Paulo,BR,171,5132,2018-04-02T17:41:37Z,2021-09-28T22:29:29Z,ok,IX.br (PTT.br) São Paulo,30098,BR.Digital,nan,nan,nan,https://br.digital/,"[{'service': 'website', 'identifier': 'https://br.digital/'}]",nan,nan,nan,nan,20,1,nan,nan,nan,nan,[],nan,nan,South America,nan,"Rua Flórida, 1738 / 2o andar",nan,SP,04565-001,nan,nan,-23.607136,-46.694609
5226,Scala Data Centers SGRUTB01,Barueri,BR,171,5226,2018-04-17T20:01:26Z,2023-12-11T12:21:05Z,ok,IX.br (PTT.br) São Paulo,12216,Scala Data Centers,nan,nan,nan,https://scaladatacenters.com/,"[{'service': 'website', 'identifier': 'https://scaladatacenters.com/'}]",nan,nan,nan,nan,15,2,presales@scaladatacenters.com,nan,l-commandcenter-sd@scaladatacenters.com,nan,[],nan,Owner,South America,nan,Av. Ceci 1850,Tamboré,São Paulo,01202-000,nan,nan,-23.49497,-46.811305
7580,Ascenty SP2 - São Paulo,Osasco,BR,171,7580,2019-11-07T21:03:27Z,2022-06-06T16:19:29Z,ok,IX.br (PTT.br) São Paulo,7838,Ascenty DataCenters e Telecom,nan,nan,nan,https://www.ascenty.com/data-centers/sao-paulo-capital/sao-paulo-2/,"[{'service': 'website', 'identifier': 'https://www.ascenty.com/data-centers/sao-paulo-capital/sao-paulo-2/'}]",nan,nan,nan,nan,78,3,nan,nan,cgr@ascenty.com,551935177600.0,[],nan,nan,South America,nan,"Av. Roberto Pinto Sobrinho, 350",nan,São Paulo,06268-120,nan,nan,-23.492259,-46.777232
7589,Ascenty VIN1 - Vinhedo,Vinhedo,BR,171,7589,2019-11-07T21:18:58Z,2022-06-06T16:13:22Z,ok,IX.br (PTT.br) São Paulo,7838,Ascenty DataCenters e Telecom,nan,nan,nan,https://www.ascenty.com/data-centers/vinhedo/vinhedo-1/,"[{'service': 'website', 'identifier': 'https://www.ascenty.com/data-centers/vinhedo/vinhedo-1/'}]",nan,nan,nan,nan,16,2,nan,nan,cgr@ascenty.com,551935177600.0,[],nan,nan,South America,nan,"Avenida 2, número  50 - Distrito Industrial Benedito – Storini",nan,São Paulo,13.288-162,nan,nan,nan,nan
11609,Elea SPO1 - São Paulo,São Paulo,BR,171,11609,2022-01-10T21:55:20Z,2022-01-10T22:06:44Z,ok,IX.br (PTT.br) São Paulo,31448,Elea Data Centers,nan,nan,nan,https://www.eleadigital.com/7/data-centers#a70,"[{'service': 'website', 'identifier': 'https://www.eleadigital.com/7/data-centers#a70'}]",nan,nan,nan,nan,10,1,comercial@eleadigital.com,nan,comunicacao@eleadigital.com,nan,[],nan,nan,South America,nan,"Avenida Guido Caloi, 1000",Santo Amaro Condomínio Panamerica Park Bloco 7,SP,05802-140,nan,nan,-23.653242,-46.725456
11717,PIX USP,São Paulo,BR,171,11717,2022-01-25T13:49:20Z,2022-01-25T14:07:33Z,ok,IX.br (PTT.br) São Paulo,8097,UNIVERSIDADE DE SAO PAULO,nan,nan,Universidade de Sao Paulo,https://www5.usp.br/,"[{'service': 'website', 'identifier': 'https://www5.usp.br/'}]",nan,nan,nan,nan,0,1,nan,nan,backbone@usp.br,nan,[],nan,nan,South America,nan,"Av. Professor Luciano Gualberto - travessa 3, nº 71",Cidade Universitária - Butantã,SP,05508-010,nan,nan,-23.56174,-46.721256
11718,PIX ALGAR-PIAF,São Paulo,BR,171,11718,2022-01-25T14:39:58Z,2022-01-25T18:46:15Z,ok,IX.br (PTT.br) São Paulo,8889,Algar Telecom S/A,nan,nan,Algar Telecom S/A,http://www.algartelecom.com.br,"[{'service': 'website', 'identifier': 'http://www.algartelecom.com.br'}]",nan,nan,nan,nan,4,1,medici@algartelecom.com.br,nan,nan,nan,[],nan,nan,South America,nan,"Rua Casa do Ator, 415",Vila Olimpia,SP,04546-002,nan,nan,-23.599544,-46.677678
11719,PIX ALGAR-CENESP,São Paulo,BR,171,11719,2022-01-25T16:48:50Z,2022-01-25T18:45:52Z,ok,IX.br (PTT.br) São Paulo,8889,Algar Telecom S/A,nan,nan,Algar Telecom S/A,http://www.algartelecom.com.br,"[{'service': 'website', 'identifier': 'http://www.algartelecom.com.br'}]",nan,nan,nan,nan,4,1,medici@algartelecom.com.br,nan,nan,nan,[],nan,nan,South America,nan,"Avenida Maria Coelho Aguiar, 215 Sala 102F",Jardim São Luís,SP,05805-000,nan,nan,-23.648726,-46.728887
11721,PIX Locaweb,São Paulo,BR,171,11721,2022-01-25T17:00:16Z,2022-01-25T17:00:16Z,ok,IX.br (PTT.br) São Paulo,8227,Locaweb S.A.,nan,nan,Locaweb S.A.,http://locaweb.com.br/,"[{'service': 'website', 'identifier': 'http://locaweb.com.br/'}]",nan,nan,nan,nan,4,2,nan,nan,noc@locaweb.com.br,nan,[],nan,nan,South America,nan,"Rua Itapaiuna, 2434 - Jardim Morumbi",nan,SP,05707-001,nan,nan,nan,nan
11723,PIX Tim,São Paulo,BR,171,11723,2022-01-25T17:49:19Z,2022-01-25T17:49:53Z,ok,IX.br (PTT.br) São Paulo,9145,TIM Celular SA,nan,nan,TIM Celular SA,https://www.tim.com.br/rj,"[{'service': 'website', 'identifier': 'https://www.tim.com.br/rj'}]",nan,nan,nan,nan,0,1,fcesilva@timbrasil.com.br,nan,fcesilva@timbrasil.com.br,nan,[],nan,nan,South America,nan,"Av. Alfredo Egídio de Souza Aranha, 100",nan,SP,04726-170,nan,nan,-23.632891,-46.712391
11725,PIX GVT-JD,São Paulo,BR,171,11725,2022-01-25T18:42:32Z,2022-01-25T18:43:04Z,ok,IX.br (PTT.br) São Paulo,23003,TELEFÔNICA BRASIL S.A,nan,nan,TELEFÔNICA BRASIL S.A,http://www.telefonica.com.br,"[{'service': 'website', 'identifier': 'http://www.telefonica.com.br'}]",nan,nan,nan,nan,0,1,bruno.ambrogi@telefonica.com,nan,bruno.ambrogi@telefonica.com,nan,[],nan,nan,South America,nan,"Rua Júlio Diniz, 190",nan,SP,04547-090,nan,nan,-23.59912,-46.685078
11728,PIX Americanet,São Paulo,BR,171,11728,2022-01-26T18:00:36Z,2022-01-26T18:01:17Z,ok,IX.br (PTT.br) São Paulo,19474,America-NET Ltda.,nan,nan,America-NET Ltda.,https://americanet.com.br/,"[{'service': 'website', 'identifier': 'https://americanet.com.br/'}]",nan,nan,nan,nan,0,1,simei@americanet.com.br,nan,simei@americanet.com.br,nan,[],nan,nan,South America,nan,"Avenida Brigadeiro Faria Lima, 1912 6F",Jardim Paulistano,SP,01451-000,nan,nan,-23.574408,-46.689351
11729,PIX Embratel SP,São Paulo,BR,171,11729,2022-01-26T18:46:59Z,2022-01-26T19:02:26Z,ok,IX.br (PTT.br) São Paulo,7728,Embratel,nan,nan,Embratel,http://www.embratel.com.br,"[{'service': 'website', 'identifier': 'http://www.embratel.com.br'}]",nan,nan,nan,nan,3,1,LFSFREI@embratel.com.br,nan,LFSFREI@embratel.com.br,nan,[],nan,nan,South America,nan,"Rua dos Ingleses, 600",nan,SP,01329-000,nan,nan,-23.563686,-46.646687
11730,PIX SAMMCCR,São Paulo,BR,171,11730,2022-01-26T19:00:30Z,2022-01-26T19:01:04Z,ok,IX.br (PTT.br) São Paulo,12237,SAMM Sociedade de Atividades em Multimidia LTDA,nan,nan,SAMM Sociedade de Atividades em Multimidia LTDA,http://www.sammnet.com.br,"[{'service': 'website', 'identifier': 'http://www.sammnet.com.br'}]",nan,nan,nan,nan,3,1,pix.samm@grupoccr.com.br,nan,pix.samm@grupoccr.com.br,nan,[],nan,nan,South America,nan,"Av. Chedid Jafet 222, Bloco C",Conj. 51C - 5o. andar,SP,04551-065,nan,nan,-23.592622,-46.690693
1565,Cirion Porto Alegre,Porto Alegre,BR,173,1565,2013-10-22T00:00:00Z,2023-05-30T20:31:55Z,ok,IX.br (PTT.br) Porto Alegre,35201,Cirion,nan,nan,Cirion Technologies,https://ciriontechnologies.com,"[{'service': 'website', 'identifier': 'https://ciriontechnologies.com'}]",nan,nan,nan,nan,15,1,contato.br@ciriontechnologies.com,551139572200.0,dl-ipnoc-lat@ciriontechnologies.com,nan,[],nan,nan,South America,nan,"Avenida Carlos Gomes, 141 Sala 806",Auxiliadora,RS,90480-003,nan,nan,-30.023646,-51.184129
1743,PIX AdylNET - PAE,Porto Alegre,BR,173,1743,2014-02-25T00:00:00Z,2021-11-17T23:06:52Z,ok,IX.br (PTT.br) Porto Alegre,8505,AdylNET Telecom,nan,nan,nan,https://www.adylnet.com.br,"[{'service': 'website', 'identifier': 'https://www.adylnet.com.br'}]",nan,nan,nan,nan,15,1,silvio@adyl.net.br,555421218999.0,n3@adyl.net.br,555421218920.0,[],False,Owner,South America,nan,"Rua Germano Petersen Júnior, 101",Auxiliadora,RS,90540-140,8º,nan,-30.017148,-51.190773
2212,Metrolan,Porto Alegre,BR,173,2212,2015-07-02T00:00:00Z,2024-03-04T12:43:45Z,ok,IX.br (PTT.br) Porto Alegre,11505,Websul Telecom,nan,"PIX Datavag/Websul, PIX Nexfibra",nan,https://ix.br/trafego/pix/rs/metrolan/bps,"[{'service': 'website', 'identifier': 'https://ix.br/trafego/pix/rs/metrolan/bps'}]",nan,nan,nan,Formerly called PIX Datavag/Websul,3,1,nan,nan,nan,nan,['48 VDC'],False,Lessee,South America,nan,"Av. Independencia, 1275",nan,RS,90035-077,B1,nan,-30.02912,-51.208078
2506,SouthTech Telecom - Porto Alegre,Porto Alegre,BR,173,2506,2016-01-19T00:00:00Z,2021-11-05T01:42:32Z,ok,IX.br (PTT.br) Porto Alegre,13279,Vogel Soluções em Telecom e Informática S/A,nan,nan,nan,http://www.stech.net.br,"[{'service': 'website', 'identifier': 'http://www.stech.net.br'}]",nan,nan,nan,nan,4,1,nan,nan,nan,nan,[],nan,nan,South America,nan,"Rua General Bento Martins, 24",Centro Histórico,RS,90010-080,8 andar,nan,-30.030376,-51.235574
3796,BR.Digital Porto Alegre (PAE1),Porto Alegre,BR,173,3796,2017-03-07T01:39:21Z,2021-09-28T22:29:29Z,ok,IX.br (PTT.br) Porto Alegre,30098,BR.Digital,nan,nan,nan,https://br.digital/,"[{'service': 'website', 'identifier': 'https://br.digital/'}]",nan,nan,nan,nan,25,1,nan,nan,nan,nan,[],nan,nan,South America,nan,"Rua General Câmara, 156",3o Andar,RS,90010-230,nan,nan,-30.028618,-51.230161
5273,Leovin Internet - Novo Hamburgo,Novo Hamburgo,BR,173,5273,2018-04-24T16:57:02Z,2019-05-10T16:10:57Z,ok,IX.br (PTT.br) Porto Alegre,9404,LVT Telecom,nan,nan,nan,http://lvttelecom.com.br,"[{'service': 'website', 'identifier': 'http://lvttelecom.com.br'}]",nan,nan,nan,nan,3,1,nan,nan,nan,nan,[],nan,nan,South America,nan,"Rua Gomes Portinho, 17",nan,Rio Grande do Sul,93510-360,nan,nan,-29.686585,-51.129226
7126,PIX Defferrari - Porto Alegre,Porto Alegre,BR,173,7126,2019-07-26T11:43:33Z,2024-06-13T18:53:51Z,ok,IX.br (PTT.br) Porto Alegre,14792,Defferrari Informática Ltda.,nan,nan,nan,http://dsi.net.br,"[{'service': 'website', 'identifier': 'http://dsi.net.br'}]",nan,nan,nan,nan,3,1,nan,nan,nan,nan,[],nan,nan,South America,nan,"Rua Mariante, 193 - Sala 101",nan,Rio Grande do Sul,90430-181,nan,nan,-30.029477,-51.204482
11229,PIX Nossa Telecom PAE,Porto Alegre,BR,173,11229,2021-09-30T16:47:02Z,2022-01-22T05:43:30Z,ok,IX.br (PTT.br) Porto Alegre,11013,Nossa Telecom Telecomunicações Ltda,nan,nan,nan,https://nossatelecom.com.br,"[{'service': 'website', 'identifier': 'https://nossatelecom.com.br'}]",nan,nan,nan,nan,10,1,nan,nan,noc@najatelecom.com.br,nan,[],nan,nan,South America,nan,"Rua Furriel Luíz Antônio de Vargas, 250 - Bela Vista",nan,Rio Grande do Sul,90470-130,nan,nan,-30.027268,-51.182641
11612,Elea POA1 - Porto Alegre,Porto Alegre,BR,173,11612,2022-01-10T22:08:49Z,2022-01-10T22:11:43Z,ok,IX.br (PTT.br) Porto Alegre,31448,Elea Data Centers,nan,nan,nan,https://www.eleadigital.com/7/data-centers#a30,"[{'service': 'website', 'identifier': 'https://www.eleadigital.com/7/data-centers#a30'}]",nan,nan,nan,nan,4,1,nan,nan,nan,nan,[],nan,nan,South America,nan,"Rua Engenheiro Afonso Cavalcanti, 100",Bela Vista,RS,90440-110,nan,nan,-30.034458,-51.1911
11700,PIX Sygo,Porto Alegre,BR,173,11700,2022-01-24T17:42:19Z,2022-01-24T23:47:51Z,ok,IX.br (PTT.br) Porto Alegre,10817,Sygo Internet,nan,nan,Sygo Internet,https://www.sygo.com.br/,"[{'service': 'website', 'identifier': 'https://www.sygo.com.br/'}]",nan,nan,nan,nan,0,1,eder.miotto@sygo.com.br,nan,eder.miotto@sygo.com.br,nan,[],nan,nan,South America,nan,"Av. Getúlio Vargas, 1020",nan,RS,90150-002,nan,nan,-30.053617,-51.22202
11702,PIX NexFibra,Porto Alegre,BR,173,11702,2022-01-24T18:11:21Z,2022-01-24T23:49:27Z,ok,IX.br (PTT.br) Porto Alegre,10817,Sygo Internet,nan,nan,Sygo Internet,http://www.sygo.com.br,"[{'service': 'website', 'identifier': 'http://www.sygo.com.br'}]",nan,nan,nan,nan,0,1,d.camargo@nexfibra.com.br,nan,d.camargo@nexfibra.com.br,nan,[],nan,nan,South America,nan,"Av. Independência, 1275",Moinhos de Vento,RS,90035-074,nan,nan,-30.02912,-51.208078
11705,PIX Renovare,Porto Alegre,BR,173,11705,2022-01-24T19:30:09Z,2022-01-24T23:45:33Z,ok,IX.br (PTT.br) Porto Alegre,11017,RENOVARE TELECOM,nan,nan,RENOVARE TELECOM,http://renovaretelecom.com.br,"[{'service': 'website', 'identifier': 'http://renovaretelecom.com.br'}]",nan,nan,nan,nan,0,1,arnold@renovaretelecom.com.br,nan,arnold@renovaretelecom.com.br,nan,[],nan,nan,South America,nan,"Avenida Carlos Gomes, 141 Sala 309",Auxiliadora,RS,90480-003,nan,nan,-30.023646,-51.184129
12984,Elea POA2 - Porto Alegre,Porto Alegre,BR,173,12984,2022-11-09T19:20:40Z,2022-11-10T11:08:45Z,ok,IX.br (PTT.br) Porto Alegre,31448,Elea Data Centers,nan,nan,nan,https://www.eleadigital.com,"[{'service': 'website', 'identifier': 'https://www.eleadigital.com'}]",nan,nan,nan,nan,3,1,nan,nan,nan,nan,[],nan,nan,South America,nan,"R. Voluntários da Pátria, 1555",nan,RS,90030-002,nan,nan,-30.020302,-51.214206
13051,PIX-Tri Telecom,Porto Alegre,BR,173,13051,2022-11-25T17:52:58Z,2022-11-25T18:07:36Z,ok,IX.br (PTT.br) Porto Alegre,8225,Tri Telecom,nan,Tri Telecom,Tri Telecom,http://www.tri.com.br,"[{'service': 'website', 'identifier': 'http://www.tri.com.br'}]",nan,nan,nan,nan,0,1,nan,nan,noc@tri.com.br,55513300330.0,[],nan,nan,South America,nan,"Avenida Assis Brasil, 7802",Sarandi,RS,91140-000,nan,nan,-29.985864,-51.120506
13052,PIX Telium Porto Alegre,Porto Alegre,BR,173,13052,2022-11-25T18:09:09Z,2022-11-25T18:10:46Z,ok,IX.br (PTT.br) Porto Alegre,1306,Telium Networks,nan,Telium,Telium,http://www.telium.com.br,"[{'service': 'website', 'identifier': 'http://www.telium.com.br'}]",nan,nan,nan,nan,9,1,nan,nan,sampaio@telium.com.br,551140035700.0,[],nan,nan,South America,nan,"Av. Independência, 1299",Independência,nan,90035-073,nan,nan,-30.029433,-51.20761
13803,PIX Giganetsul - Porto Alegre,Alvorada,BR,173,13803,2023-06-16T16:31:12Z,2023-06-16T16:31:59Z,ok,IX.br (PTT.br) Porto Alegre,17934,GIGANETSUL - ME,nan,nan,GIGANETSUL - ME,https://www.gnsfibra.com.br,"[{'service': 'website', 'identifier': 'https://www.gnsfibra.com.br'}]",nan,nan,nan,nan,0,1,noc@giganetsul.com.br,nan,noc@giganetsul.com.br,nan,[],nan,nan,South America,nan,"Rua Fátima, 457",Maria Regina,RS,94828-320,nan,nan,-29.992443,-51.051317
14336,Scala Data Centers SPOAPA01,Porto Alegre,BR,173,14336,2023-12-07T22:04:43Z,2023-12-11T12:18:53Z,ok,IX.br (PTT.br) Porto Alegre,12216,Scala Data Centers,nan,nan,nan,https://scaladatacenters.com/en/data-centers-en/,"[{'service': 'website', 'identifier': 'https://scaladatacenters.com/en/data-centers-en/'}]",nan,nan,nan,"**SPOAPA01**

- **LOCATION:** Porto Alegre | Rio Grande do Sul
- **BUILT AREA:** 43,809 sqft
- **IT CAPACITY:** 4.8MW
- **START-UP DATE:** 2023",4,1,presales@scaladatacenters.com,nan,l-commandcenter-sd@scaladatacenters.com,nan,"['48 VDC', '480 VAC']",nan,Owner,South America,nan,"Av. Pernambuco, 1124",Navegantes,Rio Grande do Sul,90240-001,nan,nan,-30.002768,-51.198149
1564,Cirion Curitiba - CUR1,Curitiba,BR,174,1564,2013-10-22T00:00:00Z,2024-03-21T13:51:08Z,ok,IX.br (PTT.br) Curitiba,35201,Cirion,nan,nan,Cirion Technologies,https://ciriontechnologies.com,"[{'service': 'website', 'identifier': 'https://ciriontechnologies.com'}]",nan,nan,nan,nan,20,1,contato.br@ciriontechnologies.com,551139572200.0,DL-ipnoc-lat@ciriontechnologies.com,nan,[],nan,nan,South America,nan,"Rua do Semeador, 350",Distrito Industrial,PR,81270-050,nan,nan,-25.470318,-49.350347
5131,BR.Digital Curitiba (CTA1),Curitiba,BR,174,5131,2018-04-02T17:40:30Z,2021-09-28T22:29:29Z,ok,IX.br (PTT.br) Curitiba,30098,BR.Digital,nan,nan,nan,https://br.digital/,"[{'service': 'website', 'identifier': 'https://br.digital/'}]",nan,nan,nan,nan,18,1,nan,nan,nan,nan,[],nan,nan,South America,nan,"Rua Professor Rubens Elke Braga, 107",nan,PR,80220-320,nan,nan,-25.459035,-49.259599
8259,RNP/POP-PR,Curitiba,BR,174,8259,2020-03-12T13:32:35Z,2021-10-01T18:02:57Z,ok,IX.br (PTT.br) Curitiba,1446,Ponto de Presença da Rede Nacional de Ensino e Pesquisa no Estado do Paraná,nan,nan,nan,https://www.pop-pr.rnp.br,"[{'service': 'website', 'identifier': 'https://www.pop-pr.rnp.br'}]",nan,nan,nan,nan,3,1,nan,nan,nan,nan,[],nan,nan,South America,nan,UFPR - AGTIC,"Av. Cel. Fco. H dos Santos, 100",PR,81531-980,nan,nan,-25.447474,-49.232784
11150,PIX DBUG,Curitiba,BR,174,11150,2021-09-10T14:20:32Z,2022-01-19T01:05:13Z,ok,IX.br (PTT.br) Curitiba,11936,Hoinaski & Sklasky Ltda,nan,nan,nan,https://www.dbugtelecom.com.br,"[{'service': 'website', 'identifier': 'https://www.dbugtelecom.com.br'}]",nan,nan,nan,nan,9,1,noc@dbug.com.br,nan,noc@dbug.com.br,nan,[],nan,nan,South America,nan,"Rua José De Alencar, 60",Cristo Rei,PR,80050-240,nan,nan,-25.434845,-49.254228
11613,Elea CTA1 - Curitiba,Curitiba,BR,174,11613,2022-01-10T22:11:06Z,2022-01-10T22:11:43Z,ok,IX.br (PTT.br) Curitiba,31448,Elea Data Centers,nan,nan,nan,https://www.eleadigital.com/7/data-centers#a33,"[{'service': 'website', 'identifier': 'https://www.eleadigital.com/7/data-centers#a33'}]",nan,nan,nan,nan,4,1,comercial@eleadigital.com,nan,comunicacao@eleadigital.com,nan,[],nan,nan,South America,nan,"Travessa Teixeira De Freitas, 73",São Francisco,PR,80410-040,nan,nan,-25.424768,-49.281141
11681,PIX Nova Fibra,Curitiba,BR,174,11681,2022-01-20T20:02:44Z,2022-01-22T05:40:37Z,ok,IX.br (PTT.br) Curitiba,22380,NOVA FIBRA TELECOM S.A.,nan,nan,NOVA FIBRA TELECOM S.A.,http://www.sul.com.br/,"[{'service': 'website', 'identifier': 'http://www.sul.com.br/'}]",nan,nan,nan,nan,0,1,alisson.bordignon@novafibratelecom.com.br,nan,joel.cappellesso@novafibratelecom.com.br,nan,[],nan,nan,South America,nan,"Rua Augusto Stresser, 453",Alto da Glória,PR,80040-310,nan,nan,-25.417061,-49.257395
11682,PIX Celepar,Curitiba,BR,174,11682,2022-01-20T20:57:06Z,2022-01-22T05:40:00Z,ok,IX.br (PTT.br) Curitiba,19754,CIA. DE TECNOL. DA INFOR. E COMUNICAÇÃO DO PARANÁ,nan,nan,CIA. DE TECNOL. DA INFOR. E COMUNICAÇÃO DO PARANÁ,https://www.celepar.pr.gov.br/,"[{'service': 'website', 'identifier': 'https://www.celepar.pr.gov.br/'}]",nan,nan,nan,nan,0,1,nan,nan,nan,nan,[],nan,nan,South America,nan,"R. Mateus Leme, 1561",Bom Retiro - Centro Cívico,PR,80530-010,nan,nan,-25.413608,-49.272183
5129,BR.Digital Florianópolis (FNS1),Florianópolis,BR,175,5129,2018-04-02T17:37:20Z,2021-09-28T22:29:29Z,ok,IX.br (PTT.br) Florianópolis,30098,BR.Digital,nan,nan,nan,https://br.digital/,"[{'service': 'website', 'identifier': 'https://br.digital/'}]",nan,nan,nan,nan,10,1,nan,nan,nan,nan,[],nan,nan,South America,nan,"Avenida Patrício Caldeira de Andrada, 1286",nan,SC,88085-150,nan,nan,-27.60075,-48.593722
5327,RNP/POP-SC,Florianópolis,BR,175,5327,2018-05-08T19:24:10Z,2021-10-01T17:58:20Z,ok,IX.br (PTT.br) Florianópolis,7146,PoP-SC/RNP,nan,nan,nan,http://ix.br/adesao/sc/,"[{'service': 'website', 'identifier': 'http://ix.br/adesao/sc/'}]",nan,nan,nan,nan,3,1,nan,nan,nan,nan,[],nan,nan,South America,nan,Universidade Federal de Santa Catarina,Campus Universitário - Trindade - PoP-SC/RNP,Santa Catarina,88040900,nan,nan,-27.600595,-48.519641
11688,PIX CIASC,Florianópolis,BR,175,11688,2022-01-21T14:11:29Z,2022-01-22T05:41:29Z,ok,IX.br (PTT.br) Florianópolis,31557,CIASC,nan,nan,CIASC - CENTRO DE INFORMÁTICA E AUTOMAÇÃO DO ESTADO DE SANTA CATARINA,https://www.ciasc.sc.gov.br/,"[{'service': 'website', 'identifier': 'https://www.ciasc.sc.gov.br/'}]",nan,nan,nan,nan,0,1,flavio@ciasc.sc.gov.br,nan,flavio@ciasc.sc.gov.br,nan,[],nan,nan,South America,nan,"Rua Murilo Andriani, 327",Rodovia SC404 Km 4,SC,88034-000,nan,nan,-27.587402,-48.499814
11689,PIX IFSC-SJ,São José,BR,175,11689,2022-01-21T17:29:31Z,2022-01-22T05:38:25Z,ok,IX.br (PTT.br) Florianópolis,31559,IFSC,nan,nan,"Instituto Federal de Educação, Ciência e Tecnologia de Santa Catarina - IFSC - São José",https://www.ifsc.edu.br/web/campus-sao-jose,"[{'service': 'website', 'identifier': 'https://www.ifsc.edu.br/web/campus-sao-jose'}]",nan,nan,nan,nan,0,1,humbertos@ifsc.edu.br,nan,humbertos@ifsc.edu.br,nan,[],nan,nan,South America,nan,"Rua José Lino Kretzer, 608 - Praia Comprida",nan,SC,88103-902,nan,nan,-27.608476,-48.633269
11657,PIX Prodabel,Belo Horizonte,BR,176,11657,2022-01-19T12:59:41Z,2022-01-20T01:35:11Z,ok,IX.br (PTT.br) Belo Horizonte,31539,Prodabel,nan,nan,Empresa de Informatica e Informacao do Municipio de Belo Horizonte - PRODABEL,https://prefeitura.pbh.gov.br/prodabel,"[{'service': 'website', 'identifier': 'https://prefeitura.pbh.gov.br/prodabel'}]",nan,nan,nan,nan,0,1,mfreire@pbh.gov.br,nan,mfreire@pbh.gov.br,nan,[],nan,nan,South America,nan,"Rua Espírito Santo, 605",Centro,MG,30160-919,nan,nan,-19.919973,-43.937308
11658,PIX Vogel Telecom BH,Belo Horizonte,BR,176,11658,2022-01-19T13:11:45Z,2022-01-20T01:35:46Z,ok,IX.br (PTT.br) Belo Horizonte,13279,Vogel Soluções em Telecom e Informática S/A,nan,nan,Vogel Telecom,https://vogel.algartelecom.com.br/,"[{'service': 'website', 'identifier': 'https://vogel.algartelecom.com.br/'}]",nan,nan,nan,nan,1,1,plan-r@vogeltelecom.com,nan,plan-r@vogeltelecom.com,nan,[],nan,nan,South America,nan,Conj 309,"Rua Pirapetinga, 322",MG,30220-150,nan,nan,-19.942111,-43.923669
13801,PIX Eletronet - Belo Horizonte,Belo Horizonte,BR,176,13801,2023-06-16T16:00:12Z,2023-06-16T16:00:56Z,ok,IX.br (PTT.br) Belo Horizonte,18207,ELETRONET S.A.,nan,nan,ELETRONET S.A.,http://www.eletronet.com,"[{'service': 'website', 'identifier': 'http://www.eletronet.com'}]",nan,nan,nan,nan,2,1,contato@eletronet.com,nan,contato@eletronet.com,nan,[],nan,nan,South America,nan,"Rua Falcão, 722",Flávio Marques Lisboa (Barreiro),MG,30624-200,Subestação Cemig,nan,-19.998807,-43.99296
13802,PIX Century Telecom - Belo Horizonte,Contagem,BR,176,13802,2023-06-16T16:19:46Z,2024-06-20T13:03:49Z,ok,IX.br (PTT.br) Belo Horizonte,12820,CENTURY TELECOM,nan,nan,CENTURY TELECOM,http://www.century.net.br,"[{'service': 'website', 'identifier': 'http://www.century.net.br'}]",nan,nan,nan,nan,1,1,century-pixmg@century.net.br,nan,century-pixmg@century.net.br,nan,[],nan,nan,South America,nan,"Rua José Perminio da Silva, 80 Galpão 7",Cinco,MG,32341-590,nan,nan,-19.931735,-44.062243
13914,PIX Sempre - Belo Horizonte,Belo Horizonte,BR,176,13914,2023-07-24T13:31:38Z,2023-07-24T13:35:45Z,ok,IX.br (PTT.br) Belo Horizonte,8044,SEMPRE TELECOMUNICACOES LTDA,nan,nan,SEMPRE TELECOMUNICACOES LTDA,https://ix.br/adesao/mg,"[{'service': 'website', 'identifier': 'https://ix.br/adesao/mg'}]",nan,nan,nan,nan,3,1,noc@sempre.net.br,nan,noc@sempre.net.br,nan,[],nan,nan,South America,nan,"Avenida Marcelo Diniz Xavier, 649",Califórnia,MG,30855-075,nan,nan,-19.929073,-44.024492
1374,Cirion Rio de Janeiro - RIO1,Rio de Janeiro,BR,177,1374,2013-02-24T00:00:00Z,2024-03-21T13:53:20Z,ok,IX.br (PTT.br) Rio de Janeiro,35201,Cirion,nan,nan,Cirion Technologies,http://www.ciriontechnologies.com,"[{'service': 'website', 'identifier': 'http://www.ciriontechnologies.com'}]",nan,nan,nan,nan,96,1,contato.br@ciriontechnologies.com,551139572200.0,dl-ipnoc-lat@ciriontechnologies.com,nan,[],nan,nan,South America,nan,"Avenida Pedro II, 329",São Cristóvão,RJ,20941-070,nan,nan,-22.904959,-43.217935
1586,Equinix RJ1 - Rio de Janeiro,Rio de Janeiro,BR,177,1586,2013-08-12T00:00:00Z,2020-07-03T11:28:52Z,ok,IX.br (PTT.br) Rio de Janeiro,2,"Equinix, Inc.",nan,nan,nan,https://www.equinix.com/locations/americas-colocation/brazil-colocation/rio-de-janeiro-data-centers/rj1/,"[{'service': 'website', 'identifier': 'https://www.equinix.com/locations/americas-colocation/brazil-colocation/rio-de-janeiro-data-centers/rj1/'}]",nan,nan,nan,nan,49,3,nan,nan,nan,nan,[],nan,nan,South America,nan,"Voluntários da Pátria Street, 360",Botafogo,RJ,22270010,nan,nan,-22.954737,-43.1946
1641,LNCC,Rio de Janeiro,BR,177,1641,2013-09-18T00:00:00Z,2017-09-06T04:51:40Z,ok,IX.br (PTT.br) Rio de Janeiro,8346,Laboratorio Nacional de Computacao Cientifica,nan,nan,nan,http://www.lncc.br,"[{'service': 'website', 'identifier': 'http://www.lncc.br'}]",nan,nan,nan,nan,4,1,nan,nan,nan,nan,[],nan,nan,South America,nan,Av. Getúlio Vargas 333 - Quitandinha,nan,RJ,25651-075,nan,nan,-22.529901,-43.217133
1899,Equinix RJ2 - Rio de Janeiro,Rio de Janeiro,BR,177,1899,2014-09-06T00:00:00Z,2020-07-03T11:29:06Z,ok,IX.br (PTT.br) Rio de Janeiro,2,"Equinix, Inc.",nan,nan,nan,https://www.equinix.com/locations/americas-colocation/brazil-colocation/rio-de-janeiro-data-centers/rj2/,"[{'service': 'website', 'identifier': 'https://www.equinix.com/locations/americas-colocation/brazil-colocation/rio-de-janeiro-data-centers/rj2/'}]",nan,nan,nan,nan,152,4,nan,nan,nan,nan,[],nan,nan,South America,nan,"Estrada Adhemar Bebiano, 1380",Del Castilho,RJ,21051-070,nan,nan,-22.871261,-43.272742
2124,Teleporto Rio de Janeiro,Rio de Janeiro,BR,177,2124,2015-02-16T00:00:00Z,2017-09-06T05:04:29Z,ok,IX.br (PTT.br) Rio de Janeiro,4411,InterNexa,nan,nan,nan,http://www.internexa.com,"[{'service': 'website', 'identifier': 'http://www.internexa.com'}]",nan,nan,nan,nan,74,1,nan,nan,nan,nan,[],nan,nan,South America,nan,Av Pesidente Vargas 3131 16 Andar Of 1602,nan,RJ,20210-030,nan,nan,-22.910096,-43.204392
2544,Linkfull Rio de Janeiro,Rio de Janeiro,BR,177,2544,2016-02-16T00:00:00Z,2017-09-06T05:14:43Z,ok,IX.br (PTT.br) Rio de Janeiro,13544,Linkfull Corporate,nan,nan,nan,http://www.linkfull.com.br,"[{'service': 'website', 'identifier': 'http://www.linkfull.com.br'}]",nan,nan,nan,nan,6,1,nan,nan,nan,nan,[],nan,nan,South America,nan,av presidente vargas 3131 16 andar,nan,RJ,20299932,nan,nan,-22.910131,-43.204381
5135,BR.Digital Rio de Janeiro (RJO1),Rio de Janeiro,BR,177,5135,2018-04-02T17:44:53Z,2021-09-28T22:29:29Z,ok,IX.br (PTT.br) Rio de Janeiro,30098,BR.Digital,nan,nan,nan,https://br.digital/,"[{'service': 'website', 'identifier': 'https://br.digital/'}]",nan,nan,nan,nan,9,1,nan,nan,nan,nan,[],nan,nan,South America,nan,"Av. Pres. Vargas, 3131 / 12o andar",nan,RJ,20210-030,nan,nan,-22.909934,-43.204366
5227,Datacenter UFINET BRASIL (Novo Teleporto),Rio de Janeiro,BR,177,5227,2018-04-17T20:10:03Z,2023-03-07T16:46:27Z,ok,IX.br (PTT.br) Rio de Janeiro,7015,Ufinet Brasil RJ S.A.,nan,nan,nan,http://www.nbtelecom.com.br,"[{'service': 'website', 'identifier': 'http://www.nbtelecom.com.br'}]",nan,nan,nan,"New Teleport NB Telecom Datacenter in Rio de Janeiro, a hub for operators and ISP that connect all datacenters in Rio de Janeiro and the most important Internet Exchanges in the world.",21,1,vendas.br@ufinet.com,551130808900.0,peering.br@ufinet.com,nan,[],nan,nan,South America,nan,"Rua José Eugenio, 29 - São Cristovão",nan,Rio de Janeiro,20941-140,nan,nan,-22.908312,-43.221504
5254,Durand Pix - Globenet RJ,Rio de Janeiro,BR,177,5254,2018-04-23T00:22:59Z,2019-09-01T14:59:15Z,ok,IX.br (PTT.br) Rio de Janeiro,1745,Durand do Brasil Ltda,nan,nan,nan,http://www.durand.com.br,"[{'service': 'website', 'identifier': 'http://www.durand.com.br'}]",nan,nan,nan,nan,28,2,nan,nan,nan,nan,[],nan,nan,South America,nan,Estrada dos Bandeirantes 12742,nan,SP,22783-415,nan,nan,-23.003748,-44.537674
5375,Elea RJO1 - Rio de Janeiro,Rio de Janeiro,BR,177,5375,2018-05-23T20:38:51Z,2024-03-11T14:08:27Z,ok,IX.br (PTT.br) Rio de Janeiro,31448,Elea Data Centers,nan,fka Datacenter Grupo Globo (PIX Globo.com IX-RJ),nan,https://www.eleadigital.com/7/data-centers#a71,"[{'service': 'website', 'identifier': 'https://www.eleadigital.com/7/data-centers#a71'}]",nan,nan,nan,"Os interessados em se conectar ao PIX Globo.com, devem manifestar seu interesse através do e-mail ptt-rj@corp.globo.com.

O email deve conter as seguintes informações:

- AS number;

- Se fala BGP;

- Possuir empresa constituída com situação fiscal regular;

- Anexar cópia simples do Contrato Social da empresa.",36,2,comercial@eleaedge.com,nan,comunicacao@eleaedge.com,nan,[],nan,nan,South America,nan,"Rua Vargem Grande, 100 - Jacarepaguá",nan,RJ,22775-020,nan,nan,nan,nan
5533,Mundivox do Brasil,Rio de Janeiro,BR,177,5533,2018-07-06T01:04:58Z,2018-07-06T01:07:48Z,ok,IX.br (PTT.br) Rio de Janeiro,8873,Mundivox do Brasil Ltda,nan,nan,nan,http://www.mundivox.com,"[{'service': 'website', 'identifier': 'http://www.mundivox.com'}]",nan,nan,nan,nan,1,1,nan,nan,nan,nan,[],nan,nan,South America,nan,Rua São Jose 90,nan,RJ,20010-020,nan,nan,-22.906079,-43.176818
11707,PIX Embratel RJ,Rio de Janeiro,BR,177,11707,2022-01-24T20:03:34Z,2022-01-24T23:45:04Z,ok,IX.br (PTT.br) Rio de Janeiro,7728,Embratel,nan,nan,Embratel,http://www.embratel.com.br,"[{'service': 'website', 'identifier': 'http://www.embratel.com.br'}]",nan,nan,nan,nan,1,1,LFSFREI@embratel.com.br,nan,LFSFREI@embratel.com.br,nan,[],nan,nan,South America,nan,"Rua Senador Pompeu, 119 Andar 17O",Centro,RJ,20221-291,nan,nan,-22.900642,-43.188142
5130,BR.Digital Brasília (BSA2),Brasília,BR,178,5130,2018-04-02T17:39:06Z,2022-07-07T13:15:33Z,ok,IX.br (PTT.br) Brasília,30098,BR.Digital,nan,nan,nan,https://br.digital/data-centers,"[{'service': 'website', 'identifier': 'https://br.digital/data-centers'}]",nan,nan,nan,"BSA2/IDC [-15.8684998,-47.9736147]",8,1,comercial@br.digital,nan,nan,nan,[],nan,nan,South America,nan,SIBS - QD.2 - CJ. E LOTE02,nan,nan,71736-205,nan,nan,-15.708703,-47.914375
11610,Elea BSB2 - Brasília,Brasília,BR,178,11610,2022-01-10T22:01:22Z,2022-01-10T22:09:08Z,ok,IX.br (PTT.br) Brasília,31448,Elea Data Centers,nan,nan,nan,https://www.eleadigital.com/7/data-centers#a73,"[{'service': 'website', 'identifier': 'https://www.eleadigital.com/7/data-centers#a73'}]",nan,nan,nan,nan,11,1,comercial@eleadigital.com,nan,comunicacao@eleadigital.com,nan,[],nan,nan,South America,nan,SIG QD 2 lote 470,nan,DF,70610-420,nan,nan,-15.789087,-47.910974
11661,PIX Telebrás,Brasília,BR,178,11661,2022-01-19T14:07:23Z,2022-01-20T01:40:23Z,ok,IX.br (PTT.br) Brasília,9115,Telebrás - Telecomunicações Brasileiras S.A.,nan,nan,Telebrás,https://www.telebras.com.br/,"[{'service': 'website', 'identifier': 'https://www.telebras.com.br/'}]",nan,nan,nan,nan,0,1,david.passos@telebras.com.br,nan,david.passos@telebras.com.br,nan,[],nan,nan,South America,nan,"SIA - Setor de Áreas Públicas, Lote A, Trecho 1, Zona Industrial - Guará",nan,DF,70297-400,nan,nan,-15.8029,-47.957295
11662,PIX Serpro,Brasília,BR,178,11662,2022-01-19T15:19:50Z,2022-01-20T01:41:41Z,ok,IX.br (PTT.br) Brasília,19766,SERVICO FEDERAL DE PROCESSAMENTO DE DADOS - SERPRO,nan,nan,SERVICO FEDERAL DE PROCESSAMENTO DE DADOS - SERPRO,https://www.serpro.gov.br/,"[{'service': 'website', 'identifier': 'https://www.serpro.gov.br/'}]",nan,nan,nan,nan,3,1,nan,nan,fernando.lima@serpro.gov.br,nan,[],nan,nan,South America,nan,SGAN Quadra 601 Módulo V,nan,DF,70836-900,nan,nan,-15.783974,-47.869808
11663,PIX G8 Brasília,Brasília,BR,178,11663,2022-01-19T15:32:03Z,2022-01-20T17:20:28Z,ok,IX.br (PTT.br) Brasília,4855,G8,nan,nan,G8 Networks Ltda,https://g8.net.br/,"[{'service': 'website', 'identifier': 'https://g8.net.br/'}]",nan,nan,nan,nan,9,1,contato@g8.net.br,nan,contato@g8.net.br,nan,[],nan,nan,South America,nan,"SCN, Quadra 06, Bloco A",Sala 419,DF,70716-900,nan,nan,-15.708703,-47.914375
11664,PIX Eletronet - Brasília,Brasília,BR,178,11664,2022-01-19T16:35:05Z,2022-01-20T17:23:39Z,ok,IX.br (PTT.br) Brasília,18207,ELETRONET S.A.,nan,nan,ELETRONET S.A.,http://www.eletronet.com,"[{'service': 'website', 'identifier': 'http://www.eletronet.com'}]",nan,nan,nan,nan,4,1,contato@eletronet.com,nan,contato@eletronet.com,nan,[],nan,nan,South America,nan,SAI (Setor de Indústria e Abastecimento) Área de Serviços A - Guará,nan,DF,71215-000,nan,nan,-15.797577,-47.947875
3480,DC LDA1,Londrina,BR,314,3480,2016-11-29T12:36:39Z,2024-02-29T21:19:02Z,ok,IX.br (PTT.br) Londrina,8015,PERSIS TELECOM,nan,nan,nan,http://www.persistelecom.com.br,"[{'service': 'website', 'identifier': 'http://www.persistelecom.com.br'}]",nan,nan,nan,nan,0,1,comercial@persistelecom.com.br,nan,noc@persistelecom.com.br,nan,[],nan,nan,South America,nan,"Av. Jules Verne, 1111",Pq Industrial Cacique,Parana,86072-450,nan,nan,-23.284817,-51.207839
5260,Internet by Sercomtel S.A.,Londrina,BR,314,5260,2018-04-23T18:25:39Z,2018-04-23T18:33:39Z,ok,IX.br (PTT.br) Londrina,8841,Internet by Sercomtel S.A.,nan,nan,nan,http://www.sercomtel.com.br,"[{'service': 'website', 'identifier': 'http://www.sercomtel.com.br'}]",nan,nan,nan,nan,2,1,nan,nan,nan,nan,[],nan,nan,South America,nan,Rua Prof. João Candido 555,nan,Paraná,86010-000,nan,nan,-23.313586,-51.161235
11692,PIX UEL,Londrina,BR,314,11692,2022-01-21T19:25:50Z,2022-01-22T05:37:31Z,ok,IX.br (PTT.br) Londrina,30935,UNIVERSIDADE ESTADUAL DE LONDRINA,nan,nan,UNIVERSIDADE ESTADUAL DE LONDRINA,https://portal.uel.br/home/,"[{'service': 'website', 'identifier': 'https://portal.uel.br/home/'}]",nan,nan,nan,nan,0,1,nan,nan,favero@uel.br,nan,[],nan,nan,South America,nan,Rodovia Celso Garcia Cid - PR 445 Km 380,Campus Universitário,PR,86055-900,nan,nan,-23.326811,-51.203821
2812,Ascenty CPS1 - Campinas,Campinas,BR,415,2812,2016-05-06T14:01:06Z,2022-05-06T14:44:30Z,ok,IX.br (PTT.br) Campinas,7838,Ascenty DataCenters e Telecom,nan,nan,nan,https://www.ascenty.com/data-centers/campinas/campinas-1/,"[{'service': 'website', 'identifier': 'https://www.ascenty.com/data-centers/campinas/campinas-1/'}]",nan,nan,nan,nan,30,1,nan,nan,nan,nan,[],nan,nan,South America,nan,Av Pierre Simon de Laplace n1211,nan,Sao Paulo,13069-320,nan,nan,-22.850918,-47.154706
5277,FasterNet Campinas,Campinas,BR,415,5277,2018-04-25T13:46:04Z,2018-04-25T13:52:38Z,ok,IX.br (PTT.br) Campinas,2374,FasterNet,nan,nan,nan,http://www.fasternet.com.br/,"[{'service': 'website', 'identifier': 'http://www.fasternet.com.br/'}]",nan,nan,nan,nan,3,1,nan,nan,nan,nan,[],nan,nan,South America,nan,"Rua Conceição, 233 - Sala 2713",nan,SP,13010-050,nan,nan,-22.904245,-47.057493
7589,Ascenty VIN1 - Vinhedo,Vinhedo,BR,415,7589,2019-11-07T21:18:58Z,2022-06-06T16:13:22Z,ok,IX.br (PTT.br) Campinas,7838,Ascenty DataCenters e Telecom,nan,nan,nan,https://www.ascenty.com/data-centers/vinhedo/vinhedo-1/,"[{'service': 'website', 'identifier': 'https://www.ascenty.com/data-centers/vinhedo/vinhedo-1/'}]",nan,nan,nan,nan,16,2,nan,nan,cgr@ascenty.com,551935177600.0,[],nan,nan,South America,nan,"Avenida 2, número  50 - Distrito Industrial Benedito – Storini",nan,São Paulo,13.288-162,nan,nan,nan,nan
11665,PIX IMA,Campinas,BR,415,11665,2022-01-19T16:59:17Z,2022-01-20T01:29:40Z,ok,IX.br (PTT.br) Campinas,5845,Informatica de Municipios Associados SA - IMA,nan,nan,Informatica de Municipios Associados SA - IMA,https://ima.sp.gov.br/,"[{'service': 'website', 'identifier': 'https://ima.sp.gov.br/'}]",nan,nan,nan,nan,0,1,nan,nan,nan,nan,[],nan,nan,South America,nan,"Av. Anchieta, 200",SUBSOLO,SP,13015-904,nan,nan,-22.900974,-47.057459
11666,PIX Unicamp,Campinas,BR,415,11666,2022-01-19T17:07:56Z,2022-01-20T01:30:34Z,ok,IX.br (PTT.br) Campinas,8465,Universidade Estadual de Campinas,nan,nan,Universidade Estadual de Campinas,https://www.unicamp.br/unicamp/,"[{'service': 'website', 'identifier': 'https://www.unicamp.br/unicamp/'}]",nan,nan,nan,nan,0,1,nan,nan,conectividade@unicamp.br,nan,[],nan,nan,South America,nan,"Rua Saturnino de Brito, 45",Cidade Universitária Zeferino Vaz,SP,13083-889,nan,nan,-22.817439,-47.062779
3824,TASCOM TELECOMUNICAÇÕES LTDA,Salvador,BR,556,3824,2017-03-16T19:32:12Z,2017-11-15T04:38:39Z,ok,IX.br (PTT.br) Salvador,13977,USE Telecom,nan,nan,nan,http://www.tascom.com.br,"[{'service': 'website', 'identifier': 'http://www.tascom.com.br'}]",nan,nan,nan,nan,2,1,nan,nan,nan,nan,[],nan,nan,South America,nan,"Av. Tancredo Neves, 620",Sala 513,Bahia,418020-020,nan,nan,-12.979278,-38.460821
5134,BR.Digital Salvador (SDR1),Salvador,BR,556,5134,2018-04-02T17:43:52Z,2021-09-28T22:29:29Z,ok,IX.br (PTT.br) Salvador,30098,BR.Digital,nan,nan,nan,https://br.digital/,"[{'service': 'website', 'identifier': 'https://br.digital/'}]",nan,nan,nan,nan,6,1,nan,nan,nan,nan,[],nan,nan,South America,nan,"Av. Tancredo Neves, 1632",nan,BA,41820-020,nan,nan,-12.983643,-38.453709
8555,Telxius Salvador CLS,Salvador de Bahia,BR,556,8555,2020-05-07T17:59:42Z,2020-08-18T16:03:10Z,ok,IX.br (PTT.br) Salvador,852,Telxius Cable,nan,nan,nan,http://telxius.com,"[{'service': 'website', 'identifier': 'http://telxius.com'}]",nan,nan,nan,nan,13,1,nan,nan,nan,nan,[],nan,nan,South America,nan,"R.José A. Tourinho Dantas, Praia do Flamengo,",nan,nan,CEP 41603-110,nan,nan,nan,nan
11193,PIX Bitcom,Caxias Do Sul,BR,558,11193,2021-09-23T20:40:12Z,2022-01-19T00:49:22Z,ok,IX.br (PTT.br) Caxias do Sul,12948,Bitcom Provedor de Servicos de Internet Ltda,nan,nan,nan,http://www.bitcom.com.br,"[{'service': 'website', 'identifier': 'http://www.bitcom.com.br'}]",nan,nan,nan,nan,0,1,nan,nan,corporativo@bitcom.com.br,5554991583180.0,[],nan,nan,South America,nan,"Rua Bento Gonçalves, 1012",Centro,RS,95020-411,nan,nan,-29.165828,-51.171375
11669,BR.Digital Caxias do Sul (CSL1),Caxias do Sul,BR,558,11669,2022-01-19T18:02:33Z,2022-07-07T21:18:34Z,ok,IX.br (PTT.br) Caxias do Sul,30098,BR.Digital,nan,nan,BR.DIGITAL,https://br.digital/data-centers,"[{'service': 'website', 'identifier': 'https://br.digital/data-centers'}]",nan,nan,nan,nan,1,1,ix-rs@commcorp.com.br,nan,ix-rs@commcorp.com.br,nan,[],nan,nan,South America,nan,"Rua Garibaldi, 789","Sala 202 - 20º Andar, Edifício Estrela",RS,95084-900,nan,nan,-29.168144,-51.183052
2223,PIX G8 Goiânia,Goiania,BR,575,2223,2015-07-02T00:00:00Z,2022-08-06T00:58:03Z,ok,IX.br (PTT.br) Goiânia,4855,G8,nan,nan,nan,http://www.g8.net.br,"[{'service': 'website', 'identifier': 'http://www.g8.net.br'}]",nan,nan,nan,nan,11,1,nan,nan,nan,nan,[],nan,nan,South America,nan,"Av. T-63, 3182 - 14Âº - Setor Bueno",Ed. Aquarius Center,GO,74115-100,nan,nan,-16.714319,-49.264947
11691,PIX Telgo Telecom,Goiânia,BR,575,11691,2022-01-21T19:10:45Z,2022-01-22T05:37:45Z,ok,IX.br (PTT.br) Goiânia,12721,Telgo Telecomunicações Goiás,nan,nan,Telgo Telecomunicações Goiás,http://www.telgo.com.br,"[{'service': 'website', 'identifier': 'http://www.telgo.com.br'}]",nan,nan,nan,nan,1,1,contato@telgo.com.br,nan,contato@telgo.com.br,nan,[],nan,nan,South America,nan,"Av. T-63, 3182 - 8 Andar",Ed. Aquarius Center - Setor Bueno,GO,74115-100,nan,nan,-16.714439,-49.26442
5259,PIX ANID - Campina Grande,Campina Grande,BR,603,5259,2018-04-23T15:34:39Z,2018-04-23T16:59:16Z,ok,IX.br (PTT.br) Campina Grande,8938,ASSOCIAÇÃO NACIONAL PARA INCLUSÃO DIGITAL - ANID,nan,nan,nan,http://www.anid.org.br,"[{'service': 'website', 'identifier': 'http://www.anid.org.br'}]",nan,nan,nan,nan,9,1,nan,nan,nan,nan,[],nan,nan,South America,nan,"R.  Ferroviária S/N , Quarenta",nan,Paraíba,58416-195,nan,nan,nan,nan
11713,PIX NipCable,São José dos Campos,BR,638,11713,2022-01-25T12:45:49Z,2022-01-25T14:08:08Z,ok,IX.br (PTT.br) São José dos Campos,8151,NipCable - NipBr,nan,nan,NipCable - NipBr,http://www.nipcable.com.br/,"[{'service': 'website', 'identifier': 'http://www.nipcable.com.br/'}]",nan,nan,nan,nan,0,1,marcelo@nipbr.com,nan,marcelo@nipbr.com,nan,[],nan,nan,South America,nan,"Avenida São João, 2405 Andar 9",Jardim das Colinas,SP,12242-000,nan,nan,-23.209109,-45.908351
11714,PIX InterNexo,São José dos Campos,BR,638,11714,2022-01-25T13:18:12Z,2022-01-25T14:07:52Z,ok,IX.br (PTT.br) São José dos Campos,8045,InterNexo Ltda.,nan,nan,InterNexo Ltda.,http://www.inexo.com.br,"[{'service': 'website', 'identifier': 'http://www.inexo.com.br'}]",nan,nan,nan,nan,0,1,danton.nunes@inexo.com.br,nan,danton.nunes@inexo.com.br,nan,[],nan,nan,South America,nan,"Av. Dr. João Guilhermino, 429",nan,SP,12210-907,nan,nan,-23.190414,-45.887372
5345,SMART NETWORKS,RECIFE,BR,705,5345,2018-05-14T12:02:57Z,2018-05-14T16:52:13Z,ok,IX.br (PTT.br) Recife,10399,SmartSat,nan,nan,nan,http://www.smart.net.br/,"[{'service': 'website', 'identifier': 'http://www.smart.net.br/'}]",nan,nan,nan,nan,2,1,nan,nan,nan,nan,[],nan,nan,South America,nan,"Rua da Soledade, 293 | Boa Vista Recife - PE","Rua Domingos José Martins, 75 Sl. 102 Recife - PE",PERNAMBUCO,50070-040,nan,nan,-8.057746,-34.890139
6604,BR.Digital Recife (RCE1),Recife,BR,705,6604,2019-04-10T12:58:26Z,2021-09-28T22:29:29Z,ok,IX.br (PTT.br) Recife,30098,BR.Digital,nan,nan,nan,https://br.digital/,"[{'service': 'website', 'identifier': 'https://br.digital/'}]",nan,nan,nan,nan,11,1,nan,nan,nan,nan,[],nan,nan,South America,nan,"Rua General Joaquim Inácio, 41, Ilha do Leite",nan,PE,50070-270,nan,nan,-8.063685,-34.891558
10656,HOTlink Internet LTDA,Recife,BR,705,10656,2021-05-19T14:40:16Z,2024-08-07T13:39:47Z,ok,IX.br (PTT.br) Recife,20780,HOTLINK INTERNET LTDA,nan,HOTlink Internet,nan,https://www.hotlink.com.br/,"[{'service': 'website', 'identifier': 'https://www.hotlink.com.br/'}]",55.0,nan,nan,nan,2,1,tecnico-hl@hotlink.com.br,558132296700.0,tecnico-hl@hotlink.com.br,5581987199315.0,[],nan,nan,South America,nan,R. Manuel Bezerra 165 - Madalena,nan,State of Pernambuco,50610250,nan,nan,-8.055171,-34.91045
11093,1 Telecom,Recife,BR,705,11093,2021-08-27T19:21:18Z,2021-08-27T19:35:43Z,ok,IX.br (PTT.br) Recife,7417,1 Telecom Servicos de Internet LTDA,nan,nan,nan,http://www.umtelecom.com.br,"[{'service': 'website', 'identifier': 'http://www.umtelecom.com.br'}]",nan,nan,nan,nan,6,1,noc@1telecom.com.br,558134976090.0,noc@1telecom.com.br,558134976090.0,[],nan,nan,South America,nan,"Rua José da Silva Lucena, 131- Imbiribeira",nan,Pernambuco,51150-430,nan,nan,-8.114813,-34.907091
13424,PIX DTEL RECIFE,Recife,BR,705,13424,2023-03-14T12:27:24Z,2023-04-03T14:11:33Z,ok,IX.br (PTT.br) Recife,12678,DTEL,nan,nan,nan,https://dtel.com.br/,"[{'service': 'website', 'identifier': 'https://dtel.com.br/'}]",nan,nan,nan,nan,3,1,noc@dtel.com.br,5581999983241.0,noc@dtel.com.br,5581999983241.0,[],nan,nan,South America,nan,"Av. Caxangá, 871",Zumbi,Pernambuco,50711-000,nan,nan,-8.053432,-34.916676
11731,PIX Prodest,Vitória,BR,706,11731,2022-01-26T19:33:02Z,2022-01-26T19:33:55Z,ok,IX.br (PTT.br) Vitória,31596,Prodest,nan,nan,Prodest,https://prodest.es.gov.br/,"[{'service': 'website', 'identifier': 'https://prodest.es.gov.br/'}]",nan,nan,nan,nan,3,1,nan,nan,marcianne.lima@prodest.es.gov.br,nan,[],nan,nan,South America,nan,Edificio,"Avenida João Baptista Parra, 465",ES,29052-123,nan,nan,-20.313323,-40.296617
11732,PIX Dinâmica,Vitória,BR,706,11732,2022-01-26T19:57:01Z,2022-01-26T19:57:31Z,ok,IX.br (PTT.br) Vitória,10618,Dinâmica Telecomunicações Ltda.,nan,nan,Dinâmica Telecomunicações Ltda.,http://www.dinamicatelecom.com.br,"[{'service': 'website', 'identifier': 'http://www.dinamicatelecom.com.br'}]",nan,nan,nan,nan,2,1,renato.lima@dinamicatelecom.com.br,nan,renato.lima@dinamicatelecom.com.br,nan,[],nan,nan,South America,nan,"Rua Amélia da Cunha Ornelas, 145",nan,ES,29050-620,nan,nan,-20.311241,-40.308272
11698,PIX Prodam,Manaus,BR,707,11698,2022-01-24T15:42:10Z,2022-01-24T23:47:14Z,ok,IX.br (PTT.br) Manaus,19946,PRODAM Processamento de Dados Amazonas S.A,nan,nan,PRODAM Processamento de Dados Amazonas S.A,https://www.prodam.am.gov.br/,"[{'service': 'website', 'identifier': 'https://www.prodam.am.gov.br/'}]",nan,nan,nan,nan,3,1,nan,nan,nan,nan,[],nan,nan,South America,nan,"Rua Jonathas Pedrosa, 1937",nan,AM,69020-110,nan,nan,-3.120493,-60.014328
11699,PIX Eyes Nwhere,Manaus,BR,707,11699,2022-01-24T17:02:50Z,2022-01-24T23:47:31Z,ok,IX.br (PTT.br) Manaus,29426,Eyes Nwhere Sistemas Inteligentes de Imagem Ltda,nan,nan,Eyes Nwhere Sistemas Inteligentes de Imagem Ltda,https://enw.com.br/,"[{'service': 'website', 'identifier': 'https://enw.com.br/'}]",nan,nan,nan,nan,0,1,redes-am@enw.com.br,nan,jose.ferreira@enw.com.br,nan,[],nan,nan,South America,nan,"Av. Ephigênio Salles, 711",Parque 10 de Novembro,AM,69055-736,nan,nan,-3.089192,-60.008626
12072,PIX Bemol,Manaus,BR,707,12072,2022-04-07T14:52:43Z,2022-04-07T15:19:41Z,ok,IX.br (PTT.br) Manaus,13604,BENCHIMOL IRMAO & CIA LTDA,nan,nan,nan,https://www.bemol.com.br,"[{'service': 'website', 'identifier': 'https://www.bemol.com.br'}]",nan,nan,nan,nan,0,1,nan,nan,infraredes@bemol.com.br,5592993942529.0,[],nan,nan,South America,nan,"Rua Miranda Leão, 41",Centro,Amazonas,69005901,nan,nan,-3.138094,-60.023892
12214,PIX G8 Manaus,Manaus,BR,707,12214,2022-05-11T19:55:21Z,2022-05-11T19:55:55Z,ok,IX.br (PTT.br) Manaus,4855,G8,nan,nan,nan,https://g8.net.br/,"[{'service': 'website', 'identifier': 'https://g8.net.br/'}]",nan,nan,nan,nan,1,1,nan,nan,contato@g8.net.br,nan,[],nan,nan,South America,nan,"Rua Álvaro Maia, 2357 - Sala 806","Cond. Corporate Trade Center, Adrianópolis",nan,69057-035,nan,nan,-3.115364,-60.01181
5453,Cabo Telecom - Natal,Natal,BR,708,5453,2018-06-08T16:50:49Z,2018-06-08T17:53:34Z,ok,IX.br (PTT.br) Natal,2130,Alares Internet,nan,nan,nan,https://www.cabotelecom.com.br,"[{'service': 'website', 'identifier': 'https://www.cabotelecom.com.br'}]",nan,nan,nan,nan,4,1,nan,nan,nan,nan,[],nan,nan,South America,nan,"Rua Sen. Jose Ferreira de Souza, 1916 Candelaria",nan,RN,59064-520,nan,nan,-5.837437,-35.213605
5350,IFTNET Telecom,São José do Rio Preto,BR,709,5350,2018-05-15T17:51:38Z,2024-06-19T02:26:00Z,ok,IX.br (PTT.br) São José do Rio Preto,8123,IFTNET Telecom,nan,nan,nan,http://www.iftnet.com.br,"[{'service': 'website', 'identifier': 'http://www.iftnet.com.br'}]",nan,nan,nan,nan,0,0,nan,nan,nan,nan,[],nan,nan,South America,nan,"Rua Jorge Tibiriça, 2728 - 10º Andar",nan,São Paulo,15015-050,nan,nan,-20.809693,-49.382787
3819,ETICE COLOC,Fortaleza,BR,710,3819,2017-03-13T13:48:17Z,2017-09-06T05:47:42Z,ok,IX.br (PTT.br) Fortaleza,16406,EMPRESA DE TECNOLOGIA DA INFORMACAO DO CEARA-ETICE,nan,nan,nan,http://etice.ce.gov.br/,"[{'service': 'website', 'identifier': 'http://etice.ce.gov.br/'}]",nan,nan,nan,nan,13,1,nan,nan,nan,nan,[],nan,nan,South America,nan,Avenida Pontes Vieira 220 - São João do Tauape,nan,CEARA,60130-240,nan,nan,-3.753445,-38.518646
4816,Giga+ (Alloha Fibra),Fortaleza,BR,710,4816,2018-01-08T18:09:51Z,2024-08-15T19:09:30Z,ok,IX.br (PTT.br) Fortaleza,12765,Alloha Fibra - N/NE,nan,Mob,DB3 SERVICOS DE TELECOMUNICACOES S.A,https://gigamaisempresas.com.br,"[{'service': 'website', 'identifier': 'https://gigamaisempresas.com.br'}]",nan,nan,nan,nan,11,2,nan,nan,noc-l@alloha.com,558521816299.0,['48 VDC'],nan,Owner,South America,nan,"Avenida da Abolição, 4140 - Mucuripe",nan,CE,60165-082,nan,nan,-3.724437,-38.481912
5133,BR.Digital Fortaleza (FLA1),Fortaleza,BR,710,5133,2018-04-02T17:42:25Z,2021-09-28T22:29:29Z,ok,IX.br (PTT.br) Fortaleza,30098,BR.Digital,nan,nan,nan,https://br.digital/,"[{'service': 'website', 'identifier': 'https://br.digital/'}]",nan,nan,nan,nan,28,1,nan,nan,nan,nan,[],nan,nan,South America,nan,"Rua Dr. Ratisbona, 75",nan,CE,60411-220,nan,nan,-3.752937,-38.528399
5140,Ascenty FTZ1 - Fortaleza,Maracanaú,BR,710,5140,2018-04-03T13:43:23Z,2023-11-03T23:44:31Z,ok,IX.br (PTT.br) Fortaleza,7838,Ascenty DataCenters e Telecom,nan,nan,nan,https://www.ascenty.com/data-centers/ceara/fortaleza-1/,"[{'service': 'website', 'identifier': 'https://www.ascenty.com/data-centers/ceara/fortaleza-1/'}]",nan,nan,nan,nan,38,2,nan,nan,nan,nan,[],nan,nan,South America,nan,"TV. Francisco Marrocos Portela, 1161 Sl. 01, Alto Alegre I",nan,nan,61922-120,nan,nan,-3.830803,-38.611253
5176,Eletronet - Fortaleza,Fortaleza,BR,710,5176,2018-04-06T15:17:14Z,2018-04-06T15:47:52Z,ok,IX.br (PTT.br) Fortaleza,18207,ELETRONET S.A.,nan,nan,nan,http://www.eletronet.com,"[{'service': 'website', 'identifier': 'http://www.eletronet.com'}]",nan,nan,nan,nan,6,1,nan,nan,nan,nan,[],nan,nan,South America,nan,"Av. Presidente Costa e Silva, 4677",nan,Ceará,60862-515,nan,nan,-3.826032,-38.539102
5304,Globenet Fortaleza CLS,Fortaleza,BR,710,5304,2018-05-01T21:33:10Z,2023-11-24T14:11:49Z,ok,IX.br (PTT.br) Fortaleza,3168,Vtal,nan,nan,nan,http://www.vtal.com,"[{'service': 'website', 'identifier': 'http://www.vtal.com'}]",nan,nan,nan,nan,106,2,nan,nan,noc@vtal.com,nan,[],nan,nan,South America,nan,Rua Raimundo Esteves 333,Praia do Futuro,CE,60182-330,nan,nan,-3.734787,-38.458008
6702,AngoNAP Fortaleza,Fortaleza,BR,710,6702,2019-05-02T10:30:56Z,2019-05-02T13:19:04Z,ok,IX.br (PTT.br) Fortaleza,6616,Angola Cables,nan,nan,nan,https://www.angolacables.co.ao,"[{'service': 'website', 'identifier': 'https://www.angolacables.co.ao'}]",nan,nan,nan,nan,50,2,nan,nan,nan,nan,[],nan,nan,South America,nan,Avenida Trajano de Medeiros 1851 – Praia do Futuro 60182-185,nan,Ceara,60182-185,nan,nan,-3.734736,-38.462636
8277,Hostweb Data Center e Serviços,Fortaleza,BR,710,8277,2020-03-18T19:21:54Z,2020-11-25T16:44:52Z,ok,IX.br (PTT.br) Fortaleza,25497,Hostweb Data Center e Serviços EIRELI,nan,nan,nan,https://www.hostweb.com.br/,"[{'service': 'website', 'identifier': 'https://www.hostweb.com.br/'}]",nan,nan,nan,nan,1,1,nan,nan,nan,nan,[],nan,nan,South America,nan,"Rua Doutor Justa Araújo, 631 - Serrinha",nan,Ceará,60.741-025,nan,nan,-3.781599,-38.551995
11690,Cirion Fortaleza,Fortaleza,BR,710,11690,2022-01-21T18:32:30Z,2023-05-30T19:04:50Z,ok,IX.br (PTT.br) Fortaleza,35201,Cirion,nan,PIX Cirion Fortaleza,Cirion Technologies Inc,http://www.ciriontechnologies.com,"[{'service': 'website', 'identifier': 'http://www.ciriontechnologies.com'}]",nan,nan,nan,nan,15,1,contato.br@ciriontechnologies.com,551139572200.0,DL-ipnoc-lat@ciriontechnologies.com,nan,[],nan,nan,South America,nan,"Avenida Dioguinho, 2950",Praia do Futuro I,CE,60182-418,nan,nan,-3.741857,-38.453857
6851,Pronto Net Belém,Belém,BR,711,6851,2019-05-24T12:36:01Z,2021-09-30T21:16:42Z,ok,IX.br (PTT.br) Belém,22938,Pronto Net Ltda.,nan,nan,nan,http://www.pronto.net.br,"[{'service': 'website', 'identifier': 'http://www.pronto.net.br'}]",nan,nan,nan,nan,0,1,nan,nan,nan,nan,[],nan,nan,South America,nan,"Rod. Mário Covas, nº 9",nan,Pará,67115000,nan,nan,-1.362778,-48.426014
11654,PIX Prodepa,Belém,BR,711,11654,2022-01-18T18:26:03Z,2022-01-19T00:47:56Z,ok,IX.br (PTT.br) Belém,31531,Prodepa,nan,nan,nan,https://www.prodepa.pa.gov.br/,"[{'service': 'website', 'identifier': 'https://www.prodepa.pa.gov.br/'}]",nan,nan,nan,nan,1,1,rodrigo.ferreira@prodepa.pa.gov.br,nan,rodrigo.ferreira@prodepa.pa.gov.br,nan,[],nan,nan,South America,nan,"Rod. Augusto Montenegro, Km 10",nan,PA,66820-000,nan,nan,-1.316392,-48.453077
11656,PIX Faepa,Belém,BR,711,11656,2022-01-19T12:48:06Z,2022-01-20T01:34:34Z,ok,IX.br (PTT.br) Belém,31538,Faepa,nan,nan,Faepa,http://sistemafaepa.com.br/,"[{'service': 'website', 'identifier': 'http://sistemafaepa.com.br/'}]",nan,nan,nan,nan,1,1,mendes@faepanet.com.br,nan,mendes@faepanet.com.br,nan,[],nan,nan,South America,nan,"Travessa Doutor Moraes, 21 Andar 8",Nazaré,PA,66035-080,nan,nan,-1.452889,-48.490851
11693,PIX Univates,Lajeado,BR,790,11693,2022-01-21T20:27:16Z,2022-01-22T05:37:16Z,ok,IX.br (PTT.br) Lajeado,12908,Fundação Vale do Taquari de Educação e Des. Social,nan,nan,Fundação Vale do Taquari de Educação e Des. Social,http://www.univates.br,"[{'service': 'website', 'identifier': 'http://www.univates.br'}]",nan,nan,nan,nan,2,1,nan,nan,tgs@univates.br,nan,[],nan,nan,South America,nan,"Rua Avelino Talini, 171",nan,RS,95900-000,nan,nan,-29.44453,-51.954833
5340,Universidade Estadual de Maringá,Maringá,BR,818,5340,2018-05-11T18:32:44Z,2018-05-11T19:03:45Z,ok,IX.br (PTT.br) Maringá,10130,Universidade Estadual de Maringá - UEM,nan,nan,nan,http://ix.br/adesao/mgf,"[{'service': 'website', 'identifier': 'http://ix.br/adesao/mgf'}]",nan,nan,nan,nan,4,1,nan,nan,nan,nan,[],nan,nan,South America,nan,"Av. Colombo, 5790",bloco P03-NPD,Paraná,87020-900,nan,nan,-23.404718,-51.939992
6119,VSX - Maringá - PIX IX-MGF,Maringá,BR,818,6119,2018-12-13T11:10:18Z,2021-09-09T23:30:48Z,ok,IX.br (PTT.br) Maringá,8800,VSX Networks,nan,nan,nan,http://www.vsx.com.br/,"[{'service': 'website', 'identifier': 'http://www.vsx.com.br/'}]",nan,nan,nan,nan,1,1,nan,nan,nan,nan,[],nan,nan,South America,nan,"Av Advogado Horácio Raccanello Filho, 5570",nan,Paraná,87020035,nan,nan,-23.417925,-51.935422
4987,PIX Titânia,Cuiabá,BR,859,4987,2018-02-28T20:27:00Z,2018-03-01T09:57:44Z,ok,IX.br (PTT.br) Cuiabá,8641,Titania Telecom,nan,nan,nan,http://www.titania.com.br,"[{'service': 'website', 'identifier': 'http://www.titania.com.br'}]",nan,nan,nan,nan,0,1,nan,nan,nan,nan,[],nan,nan,South America,nan,Av. Isaac Póvoas 901 sala 201,nan,MT,78065-345,nan,nan,-15.594931,-56.102861
8020,PIX MTI,Cuiabá,BR,859,8020,2020-01-20T21:30:27Z,2022-01-19T00:47:35Z,ok,IX.br (PTT.br) Cuiabá,24959,CENTRO DE PROC. DE DADOS DO ESTADO DE MATO GROSSO,nan,nan,nan,http://www.mti.mt.gov.br,"[{'service': 'website', 'identifier': 'http://www.mti.mt.gov.br'}]",nan,nan,nan,nan,0,1,nan,nan,nan,nan,[],nan,nan,South America,nan,"Palácio Paiaguás - Rua Des. Carlos Avalone, s/n - Centro Político Administrativo",nan,Mato Grosso,78049903,nan,nan,-15.568165,-56.076266
2851,Fundacao Parque Tecnologico Itaipu - Brasil,Foz do Iguacu,BR,1276,2851,2016-05-18T16:47:21Z,2024-03-19T11:45:50Z,ok,IX.br (PTT.br) Foz do Iguaçu,14121,Fundacao Parque Tecnologico Itaipu - Brasil,nan,PTI,Fundacao Parque Tecnologico Itaipu - Brasil,http://www.pti.org.br,"[{'service': 'website', 'identifier': 'http://www.pti.org.br'}]",nan,nan,nan,Caixa Postal 2039,2,1,nan,nan,noc@pti.org.br,nan,[],nan,nan,South America,nan,"Av. Tancredo Neves, 6731",Jardim Itaipu,PR,85867-900,nan,nan,-25.446945,-54.585134
15218,BR.Digital Foz do Iguaçu,Foz do Iguaçu,BR,1276,15218,2024-08-13T18:36:28Z,2024-08-13T18:36:28Z,ok,IX.br (PTT.br) Foz do Iguaçu,30098,BR.Digital,nan,nan,BR.DIGITAL,https://br.digital,"[{'service': 'website', 'identifier': 'https://br.digital'}]",nan,nan,nan,nan,0,1,ix-rs@commcorp.com.br,nan,ix-rs@commcorp.com.br,nan,[],nan,nan,South America,nan,"Rua Lamartine Babo, 1000",Sala 301,Paraná,85864-330,nan,nan,nan,nan
11653,PIX Emgetis,Aracaju,BR,1684,11653,2022-01-18T17:10:38Z,2022-01-19T00:51:01Z,ok,IX.br (PTT.br) Aracaju,31534,Emgetis,nan,nan,nan,https://www.emgetis.se.gov.br/,"[{'service': 'website', 'identifier': 'https://www.emgetis.se.gov.br/'}]",nan,nan,nan,nan,0,1,antoniomanoel.oliveira@emgetis.se.gov.br,nan,antoniomanoel.oliveira@emgetis.se.gov.br,nan,[],nan,nan,South America,nan,"Av. Adélia Franco, 3165, Grageru",nan,SE,49027-010,nan,nan,-10.944059,-37.068584
5927,Avato DC01-SMA,Santa Maria,BR,1847,5927,2018-10-26T13:12:56Z,2020-08-26T19:06:39Z,ok,IX.br (PTT.br) Santa Maria,11060,Brasil Tecnologia e Participacoes LTDA,nan,nan,nan,http://www.avato.com.br,"[{'service': 'website', 'identifier': 'http://www.avato.com.br'}]",nan,nan,nan,nan,1,1,comercial@avato.com.br,nan,noc@avato.com.br,nan,[],nan,nan,South America,nan,Dr. Bozzano 1293,Av. Fernando Ferrari 1282,Rio Grande do sul,97015004,nan,nan,-29.686757,-53.808063
11712,PIX UFSM,Santa Maria,BR,1847,11712,2022-01-25T11:21:49Z,2022-01-25T14:08:29Z,ok,IX.br (PTT.br) Santa Maria,30937,UNIVERSIDADE FEDERAL DE SANTA MARIA,nan,nan,UNIVERSIDADE FEDERAL DE SANTA MARIA,https://www.ufsm.br/,"[{'service': 'website', 'identifier': 'https://www.ufsm.br/'}]",nan,nan,nan,nan,0,1,nan,nan,crgmoraes@cpd.ufsm.br,nan,[],nan,nan,South America,nan,"Av Roraima, 1000",Cidade Universitaria,RS,97105-900,nan,nan,-29.721549,-53.718371
5210,HostDime JPA Brazil DataCenter,João Pessoa,BR,1983,5210,2018-04-13T18:16:25Z,2023-09-29T17:57:58Z,ok,IX.br (PTT.br) João Pessoa,2243,HostDime,nan,Horizon,nan,https://www.hostdime.com/brazil-data-centers/,"[{'service': 'website', 'identifier': 'https://www.hostdime.com/brazil-data-centers/'}]",nan,nan,nan,nan,6,1,dcis.team@hostdime.com,14077561126.0,network@hostdime.com,14077561126.0,[],True,Owner,South America,nan,"Av. São Paulo, 1223",nan,nan,58030-040,nan,nan,-7.117382,-34.856902
5258,PIX ANID - João Pessoa,João Pessoa,BR,1983,5258,2018-04-23T15:27:34Z,2018-04-23T16:55:40Z,ok,IX.br (PTT.br) João Pessoa,8938,ASSOCIAÇÃO NACIONAL PARA INCLUSÃO DIGITAL - ANID,nan,nan,nan,http://www.anid.org.br,"[{'service': 'website', 'identifier': 'http://www.anid.org.br'}]",nan,nan,nan,nan,4,1,nan,nan,nan,nan,[],nan,nan,South America,nan,"Av. Piauí, 207 Bairro dos Estados",nan,Paraíba,58030-330,nan,nan,-7.117801,-34.85349
5349,Wiki Telecom,São Luis,BR,2086,5349,2018-05-15T13:44:25Z,2020-07-09T01:18:07Z,ok,IX.br (PTT.br) São Luís,14143,WIKI TELECOMUNICACOES,nan,nan,nan,http://www.wikitelecom.com.br,"[{'service': 'website', 'identifier': 'http://www.wikitelecom.com.br'}]",nan,nan,nan,nan,3,1,nan,nan,nan,nan,[],nan,nan,South America,nan,"Av Daniel de La Touche, Edifício Mocelin Tower, 1 Andar",nan,Maranhao,65074115,nan,nan,-2.507399,-44.241686
5883,Acesso10 Datacenter Maceio,Maceió,BR,2291,5883,2018-10-13T02:12:00Z,2021-02-10T11:39:00Z,ok,IX.br (PTT.br) Maceió,20368,Acesso10 Datacenter,nan,nan,nan,http://www.acesso10.com.br,"[{'service': 'website', 'identifier': 'http://www.acesso10.com.br'}]",nan,nan,nan,nan,2,1,nan,nan,nan,nan,[],nan,nan,South America,nan,61 R. Antenor Marinho de Melo,nan,State of Alagoas,57052,nan,nan,-9.628538,-35.736342
7338,UEPG Datacenter UVN,Ponta Grossa,BR,2693,7338,2019-09-10T22:32:52Z,2021-10-11T16:33:36Z,ok,UEPG Internet Exchange,4964,Universidade Estadual de Ponta Grossa,nan,nan,nan,https://ix.uepg.br,"[{'service': 'website', 'identifier': 'https://ix.uepg.br'}]",nan,nan,nan,nan,0,1,nan,nan,nan,nan,[],nan,Owner,South America,nan,"Avenida General Carlos Cavalcanti, 4748",nan,Parana,84030-900,nan,nan,-25.089498,-50.103436
5744,FURB-IX Datacenter,Blumenau,BR,2784,5744,2018-09-06T16:43:04Z,2019-12-19T17:57:48Z,ok,FURB IX,20885,FURB Internet Exchange,nan,nan,nan,https://ix.furb.br/,"[{'service': 'website', 'identifier': 'https://ix.furb.br/'}]",nan,nan,nan,nan,3,1,nan,nan,nan,nan,[],nan,nan,South America,nan,"Rua Antônio da Veiga, 140",nan,Santa Catarina,89030903,nan,nan,-26.905736,-49.079004
8092,PIX Certto Telecom,Cascavel,BR,2822,8092,2020-02-05T14:14:49Z,2023-11-26T21:05:17Z,ok,IX.br (PTT.br) Cascavel,6677,Certto Telecom,nan,Certto,nan,http://www.certto.com.br,"[{'service': 'instagram', 'identifier': 'certtotelecom'}, {'service': 'website', 'identifier': 'http://www.certto.com.br'}]",nan,nan,nan,nan,2,1,b4b@b4b.certto.com.br,nan,operacoes@noc.certto.com.br,nan,[],nan,nan,South America,nan,"R. Paraná, 3033",nan,Paraná,85810010,nan,nan,-24.954365,-53.459599
11667,PIX Unioeste,Cascavel,BR,2822,11667,2022-01-19T17:21:07Z,2022-01-20T01:31:07Z,ok,IX.br (PTT.br) Cascavel,17960,UNIVERSIDADE ESTADUAL DO OESTE DO PARANA,nan,nan,UNIVERSIDADE ESTADUAL DO OESTE DO PARANA,https://www.unioeste.br/portal/,"[{'service': 'website', 'identifier': 'https://www.unioeste.br/portal/'}]",nan,nan,nan,nan,0,1,nan,nan,ti.redes@unioeste.br,nan,[],nan,nan,South America,nan,"Rua Universitária, n. 1619",Jardim Universitário,PR,85819-110,nan,nan,-24.987764,-53.45063
11668,PIX Dipelnet,Cascavel,BR,2822,11668,2022-01-19T17:50:06Z,2022-01-20T01:31:39Z,ok,IX.br (PTT.br) Cascavel,18718,DIGITAL DESIGN SERVIÇOS DE TELECOMUNICAÇÕES EIRELI,nan,nan,DIGITAL DESIGN SERVIÇOS DE TELECOMUNICAÇÕES EIRELI,http://www.dipelnet.com.br/,"[{'service': 'website', 'identifier': 'http://www.dipelnet.com.br/'}]",nan,nan,nan,nan,1,1,projetos@dipelnet.com.br,nan,projetos@dipelnet.com.br,nan,[],nan,nan,South America,nan,"Rua Minas Gerais, 1332",Sala 303 - Centro,PR,85812-035,nan,nan,-24.94549,-53.444846
8309,Agência Municipal de Tecnologia da Informação,Campo Grande,BR,3096,8309,2020-03-24T19:51:37Z,2020-03-26T17:38:26Z,ok,IX.br (PTT.br) Campo Grande,25517,Prefeitura Municipal de Campo Grande,nan,nan,nan,http://www.campogrande.ms.gov.br,"[{'service': 'website', 'identifier': 'http://www.campogrande.ms.gov.br'}]",nan,nan,nan,nan,1,1,nan,nan,nan,nan,[],nan,nan,South America,nan,"Rua Anhandui, 343 - Vila Carvalho",nan,MS,79005051,nan,nan,-20.470631,-54.620926
8401,FREE WAY,Campo Grande,BR,3096,8401,2020-04-06T15:09:50Z,2021-04-20T00:25:17Z,ok,IX.br (PTT.br) Campo Grande,25704,Free Way Tecnologia,nan,nan,nan,http://WWW.FREEWAYNET.COM.BR,"[{'service': 'website', 'identifier': 'http://WWW.FREEWAYNET.COM.BR'}]",nan,nan,nan,nan,1,1,nan,nan,nan,nan,[],nan,nan,South America,nan,"R. Pernambuco, 2059",nan,State of Mato Grosso do Sul,79020,nan,nan,-20.447784,-54.598336
1586,Equinix RJ1 - Rio de Janeiro,Rio de Janeiro,BR,3212,1586,2013-08-12T00:00:00Z,2020-07-03T11:28:52Z,ok,Equinix Rio de Janeiro,2,"Equinix, Inc.",nan,nan,nan,https://www.equinix.com/locations/americas-colocation/brazil-colocation/rio-de-janeiro-data-centers/rj1/,"[{'service': 'website', 'identifier': 'https://www.equinix.com/locations/americas-colocation/brazil-colocation/rio-de-janeiro-data-centers/rj1/'}]",nan,nan,nan,nan,49,3,nan,nan,nan,nan,[],nan,nan,South America,nan,"Voluntários da Pátria Street, 360",Botafogo,RJ,22270010,nan,nan,-22.954737,-43.1946
1899,Equinix RJ2 - Rio de Janeiro,Rio de Janeiro,BR,3212,1899,2014-09-06T00:00:00Z,2020-07-03T11:29:06Z,ok,Equinix Rio de Janeiro,2,"Equinix, Inc.",nan,nan,nan,https://www.equinix.com/locations/americas-colocation/brazil-colocation/rio-de-janeiro-data-centers/rj2/,"[{'service': 'website', 'identifier': 'https://www.equinix.com/locations/americas-colocation/brazil-colocation/rio-de-janeiro-data-centers/rj2/'}]",nan,nan,nan,nan,152,4,nan,nan,nan,nan,[],nan,nan,South America,nan,"Estrada Adhemar Bebiano, 1380",Del Castilho,RJ,21051-070,nan,nan,-22.871261,-43.272742
8957,4wnet Telecomunicações - Roraima,Boa Vista,BR,3230,8957,2020-07-26T05:48:00Z,2022-07-07T06:48:58Z,ok,IXRR Internet Exchange Roraima,22414,4WNET ES TELECOMUNICAÇÕES LTDA,nan,4WNET,4WNET TELECOMUNICAÇÕES,https://www.4wnet.com.br,"[{'service': 'website', 'identifier': 'https://www.4wnet.com.br'}]",nan,nan,nan,nan,6,1,contato@4wnet.com.br,5595991545515.0,contato@4wnet.com.br,5595991545515.0,['48 VDC'],nan,nan,South America,nan,"Av. General Ataide Teive , 2822, Terreo - Buritis",nan,Roraima,69309-167,nan,nan,2.819289,-60.705592
11646,PIX ATI,Palmas,BR,3680,11646,2022-01-17T21:23:52Z,2022-01-17T21:27:26Z,ok,IX.br (PTT.br) Palmas,31524,Agencia de Tecnologia da Informação do Tocantins,nan,nan,nan,https://ati.to.gov.br,"[{'service': 'website', 'identifier': 'https://ati.to.gov.br'}]",nan,nan,nan,nan,1,1,nan,nan,nan,nan,[],nan,nan,South America,nan,"Quadra 103 Norte, Rua NO-05",nan,nan,77001-020,nan,nan,-10.182018,-48.340503
11647,PIX ZAP TELECOM,Palmas,BR,3680,11647,2022-01-17T21:25:56Z,2022-01-17T21:30:51Z,ok,IX.br (PTT.br) Palmas,14498,ZAP TELECOMUNICAÇÕES LTDA-ME,nan,nan,nan,https://www.zaptelecom.com.br,"[{'service': 'website', 'identifier': 'https://www.zaptelecom.com.br'}]",nan,nan,nan,nan,0,1,aurelianoarantes@zaptelecom.com.br,nan,aurelianoarantes@zaptelecom.com.br,nan,[],nan,nan,South America,nan,501 Sul Av. Teotônio Segurado Cj. 01 Lt. 03 8o Andar Sala 810 - Executive Center,nan,nan,77016-002,nan,nan,-10.21677,-48.334105
1586,Equinix RJ1 - Rio de Janeiro,Rio de Janeiro,BR,3890,1586,2013-08-12T00:00:00Z,2020-07-03T11:28:52Z,ok,PTT São João M.,2,"Equinix, Inc.",nan,nan,nan,https://www.equinix.com/locations/americas-colocation/brazil-colocation/rio-de-janeiro-data-centers/rj1/,"[{'service': 'website', 'identifier': 'https://www.equinix.com/locations/americas-colocation/brazil-colocation/rio-de-janeiro-data-centers/rj1/'}]",nan,nan,nan,nan,49,3,nan,nan,nan,nan,[],nan,nan,South America,nan,"Voluntários da Pátria Street, 360",Botafogo,RJ,22270010,nan,nan,-22.954737,-43.1946
1899,Equinix RJ2 - Rio de Janeiro,Rio de Janeiro,BR,3890,1899,2014-09-06T00:00:00Z,2020-07-03T11:29:06Z,ok,PTT São João M.,2,"Equinix, Inc.",nan,nan,nan,https://www.equinix.com/locations/americas-colocation/brazil-colocation/rio-de-janeiro-data-centers/rj2/,"[{'service': 'website', 'identifier': 'https://www.equinix.com/locations/americas-colocation/brazil-colocation/rio-de-janeiro-data-centers/rj2/'}]",nan,nan,nan,nan,152,4,nan,nan,nan,nan,[],nan,nan,South America,nan,"Estrada Adhemar Bebiano, 1380",Del Castilho,RJ,21051-070,nan,nan,-22.871261,-43.272742
5375,Elea RJO1 - Rio de Janeiro,Rio de Janeiro,BR,3890,5375,2018-05-23T20:38:51Z,2024-03-11T14:08:27Z,ok,PTT São João M.,31448,Elea Data Centers,nan,fka Datacenter Grupo Globo (PIX Globo.com IX-RJ),nan,https://www.eleadigital.com/7/data-centers#a71,"[{'service': 'website', 'identifier': 'https://www.eleadigital.com/7/data-centers#a71'}]",nan,nan,nan,"Os interessados em se conectar ao PIX Globo.com, devem manifestar seu interesse através do e-mail ptt-rj@corp.globo.com.

O email deve conter as seguintes informações:

- AS number;

- Se fala BGP;

- Possuir empresa constituída com situação fiscal regular;

- Anexar cópia simples do Contrato Social da empresa.",36,2,comercial@eleaedge.com,nan,comunicacao@eleaedge.com,nan,[],nan,nan,South America,nan,"Rua Vargem Grande, 100 - Jacarepaguá",nan,RJ,22775-020,nan,nan,nan,nan
12438,4wnet Telecomunicações - Amazonas,Manaus,BR,3891,12438,2022-07-06T01:28:11Z,2022-07-07T12:15:52Z,ok,IXRR Internet Exchange Amazonas,22414,4WNET ES TELECOMUNICAÇÕES LTDA,nan,4wnet,4wnet Telecomunicações,https://www.4wnet.com.br/colocation,"[{'service': 'website', 'identifier': 'https://www.4wnet.com.br/colocation'}]",nan,nan,nan,nan,1,1,stenio@4wnet.com.br,5595991545515.0,stenio@4wnet.com.br,5595991272539.0,['48 VDC'],nan,nan,South America,nan,"Rua Belo Horizonte, 19 - Adrianópolis",nan,Amazonas,69057-060,nan,nan,-3.106199,-60.012623
13128,PIX K3G Manaus,Manaus,BR,3891,13128,2022-12-20T14:35:16Z,2022-12-31T17:20:54Z,ok,IXRR Internet Exchange Amazonas,22414,4WNET ES TELECOMUNICAÇÕES LTDA,nan,PIX K3G Manaus,PIX K3G Manaus,https://www.k3gsolutions.com.br/,"[{'service': 'website', 'identifier': 'https://www.k3gsolutions.com.br/'}]",nan,nan,nan,nan,5,1,stenio@4wnet.com.br,5595991272539.0,kesley@k3gsolutions.com.br,5592991882864.0,['48 VDC'],nan,Lessee,South America,nan,"R. Mandala, 8 - Cidade Nova",nan,nan,69097418,nan,nan,-3.004277,-59.976028
